Data,Programa,Episódio,Media
03/11/2025,Astros,Programa de 18/06/2008,6351243961112
03/11/2025,TV Animal,Programa de 29/01/1989,6351243354112
03/11/2025,Show do Milhão,01/09/2000,6368994335112
03/11/2025,Rei Majestade,Programa de 21/06/2006,6370874289112
03/11/2025,Programa do Ratinho,Programa de 03/10/98,98008609_programadoratinho_1998_022_01
03/11/2025,Eliana & Cia,Programa de 13/05/1997,6366858175112
03/11/2025,Programa Livre,Programa de 25/06/1992,6372906292112
03/11/2025,Casos de Família,Programa de 01/06/2009,6372464454112
03/11/2025,Táxi do Gugu,28. Mala de dinheiro,6368325363112
03/11/2025,Táxi do Gugu,5. Arrancar Braço,6368324586112
04/11/2025,Eliana & Cia,Programa de 14/05/1997,6366858174112
04/11/2025,Programa Livre,Programa de 30/06/1992,6372904530112
04/11/2025,Táxi do Gugu,9. Os pestinhas,6368326356112
04/11/2025,Casos de Família,Programa de 02/06/2009,6372465147112
04/11/2025,Táxi do Gugu,29. Pomba da paz,6368326153112
04/11/2025,Máquina da Fama,Programa de 27/01/2014,6375769951112
04/11/2025,Passa ou Repassa,Programa de 13/03/1994,6369849653112
04/11/2025,Show do Milhão,Programa de 13/09/2000,6368995312112
04/11/2025,Sete Meio,Programa de 22/06/2003,6376345756112
04/11/2025,Programa do Ratinho,Programa de 05/10/98,98008609_programadoratinho_1998_023_01
05/11/2025,Eliana & Cia,Programa de 15/05/1997,6366857780112
05/11/2025,Programa Livre,Programa de 01/07/1992,6372903953112
05/11/2025,Casos de Família,Programa de 03/06/2009,6372464945112
05/11/2025,Canta e Dança Minha Gente,Programa de 11/06/2000,6361610301112
05/11/2025,TV Animal,Programa de 24/10/1995,6351241656112
05/11/2025,Táxi do Gugu,34. A morte do cachorrinho,6368326539112
05/11/2025,Show do Milhão,Programa de 14/09/2000,6368994928112
05/11/2025,Porta da Esperança,Programa de 17/08/1986,6362805275112
05/11/2025,Programa do Ratinho,Programa de 06/10/98,98008609_programadoratinho_1998_024_01
05/11/2025,Táxi do Gugu,31. Invasão das cobras,6368324970112
05/11/2025,Táxi do Gugu,113. A boneca,6368324482112
06/11/2025,Eliana & Cia,Programa de 16/05/1997,6366857782112
06/11/2025,Táxi do Gugu,8. O Príncipe sapo,6368326357112
06/11/2025,Programa Livre,Programa de 04/07/1992,6372904450112
06/11/2025,Casos de Família,Programa de 04/06/2009,6372465542112
06/11/2025,Táxi do Gugu,9. Os pestinhas,6368326356112
06/11/2025,Vamos Nessa,Programa de 27/10/1984,84000003_vamosnessa_1984_004_01
06/11/2025,Passa ou Repassa,Programa de 07/06/1995,6366911462112
06/11/2025,Show do Milhão,Programa de 17/09/2000,6368994930112
06/11/2025,Tentação,Programa de 15/01/1995,6368208432112
06/11/2025,Programa do Ratinho,Programa de 07/10/98,98008609_programadoratinho_1998_025_01
06/11/2025,Táxi do Gugu,54. Aranha,6368324479112
07/11/2025,Eliana & Cia,Programa de 19/05/1997,6367561583112
07/11/2025,Táxi do Gugu,60. A macacada,6368326437112
07/11/2025,Programa Livre,Programa de 10/07/1992,6372903651112
07/11/2025,Casos de Família,Programa de 05/06/2009,6372463991112
07/11/2025,Canta e Dança Minha Gente,Programa de 18/06/2000,6362672669112
07/11/2025,TV Animal,Programa de 10/05/1996,6351241876112
07/11/2025,Show do Milhão,Programa de 20/09/2000,6368994840112
07/11/2025,Gol Show,Programa de 08/02/1998,6365966315112
07/11/2025,Programa do Ratinho,Programa de 08/10/98,98008609_programadoratinho_1998_026_01
07/11/2025,Táxi do Gugu,5. Arrancar Braço,6368324586112
08/11/2025,Eliana & Cia,Programa de 20/05/1997,6367561506112
08/11/2025,Bom dia & Cia com Jacky,Programa de 13/10/1998,6376117813112
08/11/2025,Casa da Angélica,Programa de 12/10/1993,6366856168112
08/11/2025,Fantasia,Programa de 16/12/1997,6373663207112
08/11/2025,Em Nome do Amor,Programa de 12/02/1995,6351424845112
08/11/2025,Viva a Noite,Programa de 13/01/1990,6363640693112
08/11/2025,Show Maravilha,Programa de 06/03/1993,6367502615112
08/11/2025,Programa Sergio Mallandro,Programa de 24/11/1994,6367517511112
08/11/2025,Fala Dercy,Programa de 26/03/2000,6364748518112
09/11/2025,Domingo no Parque,Programa de 26/10/1986,6366063857112
09/11/2025,Curtindo uma Viagem,Programa de 15/09/2001,6352037959112
09/11/2025,Domingo Legal,Programa de 18/04/1993,6362544557112
09/11/2025,Topa Tudo Por Dinheiro,Programa de 28/07/1991,6363256170112
09/11/2025,Programa Silvio Santos,Programa de 29/03/2009,6362992142112
09/11/2025,Show de Calouros,Programa de 28/12/1986,6361808578112
09/11/2025,Táxi do Gugu,9. Os pestinhas,6368326356112
09/11/2025,Táxi do Gugu,56. A turma do barulho,6368323301112
10/11/2025,Eliana & Cia,Programa de 21/05/1997,6367561674112
10/11/2025,Programa Livre,Programa de 17/08/1992,6372903541112
10/11/2025,Táxi do Gugu,34. A morte do cachorrinho,6368326539112
10/11/2025,Casos de Família,Programa de 08/06/2009,6372518399112
10/11/2025,Astros,Programa de 25/06/2008,6351245624112
10/11/2025,TV Animal,Programa de 19/02/1989,6374743399112
10/11/2025,Show do Milhão,Programa de 21/09/2000,6368996788112
10/11/2025,Rei Majestade,Programa de 28/06/2006,6370874288112
10/11/2025,Programa do Ratinho,Programa de 09/10/98,98008609_programadoratinho_1998_027_01
10/11/2025,Táxi do Gugu,18. A granada,6368326538112
11/11/2025,Eliana & Cia,Programa de 22/05/1997,6367561398112
11/11/2025,Programa Livre,Programa de 19/08/1992,6377454486112
11/11/2025,Máquina da Fama,Programa de 03/02/2014,6375768584112
11/11/2025,Passa ou Repassa,Programa de 20/03/1994,6369849058112
11/11/2025,Show do Milhão,Programa de 24/09/2000,6369105374112
11/11/2025,Sete Meio,Programa de 29/06/2003,6376344308112
11/11/2025,Programa do Ratinho,Programa de 10/10/98,98008609_programadoratinho_1998_028_01
11/11/2025,Casos de Família,Programa de 09/06/2009,6372904265112
12/11/2025,Eliana & Cia,Programa de 23/05/1997,6367560422112
12/11/2025,Programa Livre,Programa de 21/08/1992,6374091483112
12/11/2025,Casos de Família,Programa de 10/06/2009,6372902118112
12/11/2025,Canta e Dança Minha Gente,Programa de 02/07/2000,6361610481112
12/11/2025,TV Animal,Programa de 25/10/1995,6351242862112
12/11/2025,Show do Milhão,Programa de 27/09/2000,6369104008112
12/11/2025,Porta da Esperança,Programa de 21/09/1986,6362803900112
12/11/2025,Programa do Ratinho,Programa de 12/10/98,98008609_programadoratinho_1998_029_01
12/11/2025,Táxi do Gugu,113. A boneca,6368324482112
12/11/2025,Táxi do Gugu,8. O Príncipe sapo,6368326357112
12/11/2025,Táxi do Gugu,54. Aranha,6368324479112
13/11/2025,Eliana & Cia,Programa de 23/05/1997,6367560422112
13/11/2025,Eliana & Cia,Programa de 26/05/1997,6367561673112
13/11/2025,Táxi do Gugu,29. Pomba da paz,6368326153112
13/11/2025,Programa Livre,Programa de 24/08/1992,6374092154112
13/11/2025,Casos de Família,Programa de 11/06/2009,6372902021112
13/11/2025,Táxi do Gugu,5. Arrancar Braço,6368324586112
13/11/2025,Vamos Nessa,Programa de 03/11/1984,84000003_vamosnessa_1984_005_01
13/11/2025,Passa ou Repassa,Programa de 08/06/1995,6366910882112
13/11/2025,Táxi do Gugu,18. A granada,6368326538112
13/11/2025,Show do Milhão,Programa de 28/09/2000,6368996393112
13/11/2025,Tentação,Programa de 22/01/1995,6368208433112
13/11/2025,Programa do Ratinho,Programa de 13/10/98,98008609_programadoratinho_1998_030_01
13/11/2025,Táxi do Gugu,9. Os pestinhas,6368326356112
14/11/2025,Eliana & Cia,Programa de 26/05/1997,6367561673112
14/11/2025,Eliana & Cia,Programa de 27/05/1997,6367561867112
14/11/2025,Programa Livre,Programa de 24/08/1992,6374092542112
14/11/2025,Casos de Família,Programa de 12/06/2009,6372902703112
14/11/2025,Canta e Dança Minha Gente,Programa de 09/07/2000,6362671693112
14/11/2025,TV Animal,Programa de 13/05/1996,6351242863112
14/11/2025,Táxi do Gugu,9. Os pestinhas,6368326356112
14/11/2025,Show do Milhão,Programa de 01/10/2000,6369104214112
14/11/2025,Gol Show,Programa de 15/02/1998,6365966730112
14/11/2025,Programa do Ratinho,Programa de 14/10/98,98008609_programadoratinho_1998_031_01
14/11/2025,Táxi do Gugu,35. A flor,6368324585112
15/11/2025,Eliana & Cia,Programa de 28/05/1997,6367560915112
15/11/2025,Bom dia & Cia com Jacky,Programa de 13/10/1998,6376117813112
15/11/2025,Fantasia,Programa de 17/12/1997,6373661450112
15/11/2025,Em Nome do Amor,Programa de 19/02/1995,6356337036112
15/11/2025,Viva a Noite,Programa de 20/01/1990,6363641154112
15/11/2025,Fala Dercy,Programa de 02/04/2000,6364748348112
15/11/2025,Show Maravilha,Programa de 06/04/1993,6367445349112
15/11/2025,Programa Sergio Mallandro,Programa de 25/11/1994,6367518080112
15/11/2025,Casa da Angélica,Programa de 02/05/1994,6366855966112
16/11/2025,Domingo no Parque,Programa de 02/11/1986,6366062308112
16/11/2025,Topa Tudo Por Dinheiro,Programa de 04/08/1991,6363256662112
16/11/2025,Programa Silvio Santos,Programa de 05/04/2009,6362990576112
16/11/2025,Show de Calouros,Programa de 03/01/1987,6362711904112
16/11/2025,Curtindo uma Viagem,Programa de 22/09/2001,6352039505112
16/11/2025,Domingo Legal,Programa de 25/04/1993,6363040958112
17/11/2025,Eliana & Cia,Programa de 29/05/1997,6367560706112
17/11/2025,Programa Livre,Programa de 01/09/1992,6374091092112
17/11/2025,Casos de Família,Programa de 15/06/2009,6372903334112
17/11/2025,Astros,Programa de 02/07/2008,6351245127112
17/11/2025,TV Animal,Programa de 05/03/1989,6374742616112
17/11/2025,Show do Milhão,Programa de 04/10/2000,6369103909112
17/11/2025,Rei Majestade,Programa de 05/07/2006,6370873316112
17/11/2025,Programa do Ratinho,Programa de 15/10/98,98008609_programadoratinho_1998_032_01
17/11/2025,Táxi do Gugu,9. Os pestinhas,6368326356112
17/11/2025,Táxi do Gugu,3. A Lotação,6368325066112
17/11/2025,Táxi do Gugu,60. A macacada,6368326437112
18/11/2025,Eliana & Cia,Programa de 30/05/1997,6367560423112
18/11/2025,Táxi do Gugu,54. Aranha,6368324479112
18/11/2025,Programa Livre,Programa de 04/09/1992,6374091866112
18/11/2025,Casos de Família,Programa de 16/06/2009,6372905385112
18/11/2025,Máquina da Fama,Programa de 10/02/2014,6375768390112
18/11/2025,Passa ou Repassa,Programa de 27/03/1994,6369847788112
18/11/2025,Táxi do Gugu,114. Os falsos policiais,6368324690112
18/11/2025,Show do Milhão,Programa de 05/10/2000,6369103121112
18/11/2025,Sete Meio,Programa de 06/07/2003,6376344382112
18/11/2025,Programa do Ratinho,Programa de 16/10/98,98008609_programadoratinho_1998_033_01
19/11/2025,Eliana & Cia,Programa de 02/06/1997,6367561092112
19/11/2025,Táxi do Gugu,113. A boneca,6368324482112
19/11/2025,Programa Livre,Programa de 22/09/1992,6374089884112
19/11/2025,Casos de Família,Programa de 17/06/2009,6372905475112
19/11/2025,Canta e Dança Minha Gente,Programa de 16/07/2000,6362672576112
19/11/2025,Táxi do Gugu,27. Táxi do terror,6368326050112
19/11/2025,TV Animal,Programa de 26/10/1995,6351244208112
19/11/2025,Show do Milhão,Programa de 08/10/2000,6369105274112
19/11/2025,Porta da Esperança,Programa de 05/10/1986,6362805475112
19/11/2025,Programa do Ratinho,Programa de 17/10/98,98008609_programadoratinho_1998_034_01
20/11/2025,Eliana & Cia,Programa de 02/06/1997,6367561092112
20/11/2025,Eliana & Cia,Programa de 03/06/1997,6367560917112
20/11/2025,Programa Livre,Programa de 02/10/1992,6374091182112
20/11/2025,Casos de Família,Programa de 18/06/2009,6373494544112
20/11/2025,Táxi do Gugu,29. Pomba da paz,6368326153112
20/11/2025,Vamos Nessa,Programa de 10/11/1984,41a95f6d-f350-4466-a04c-819ecd508f84
20/11/2025,Táxi do Gugu,35. A flor,6368324585112
20/11/2025,Passa ou Repassa,Programa de 09/06/1995,6366911657112
20/11/2025,Táxi do Gugu,31. Invasão das cobras,6368324970112
20/11/2025,Show do Milhão,Programa de 11/10/2000,6369105572112
20/11/2025,Tentação,Programa de 29/01/1995,6368208331112
20/11/2025,Programa do Ratinho,Programa de 19/10/98,98008609_programadoratinho_1998_035_01
20/11/2025,Táxi do Gugu,114. Os falsos policiais,6368324690112
21/11/2025,Eliana & Cia,Programa de 04/06/1997,6367560606112
21/11/2025,Táxi do Gugu,5. Arrancar Braço,6368324586112
21/11/2025,Programa Livre,Programa de 27/10/1992,6374090893112
21/11/2025,Casos de Família,Programa de 19/06/2009,6373493892112
21/11/2025,Táxi do Gugu,32. Pobre cãozinho,6368324282112
21/11/2025,Canta e Dança Minha Gente,Programa de 23/07/2000,6362670814112
21/11/2025,TV Animal,Programa de 14/05/1996,6351242957112
21/11/2025,Show do Milhão,Programa de 12/10/2000,6369105384112
21/11/2025,Gol Show,Programa de 08/03/1998,6365965749112
21/11/2025,Programa do Ratinho,Programa de 20/10/98,98008609_programadoratinho_1998_036_01
22/11/2025,Eliana & Cia,Programa de 05/06/1997,6367561396112
22/11/2025,Casa da Angélica,Programa de 20/05/1994,6366856755112
22/11/2025,Fantasia,Programa de 18/12/1997,6373662027112
22/11/2025,Em Nome do Amor,Programa de 05/03/1995,6356336353112
22/11/2025,Viva a Noite,Programa de 27/01/1990,6363639926112
22/11/2025,Fala Dercy,Programa de 12/04/2000,6364747077112
22/11/2025,Bom dia & Cia com Jacky,Programa de 15/10/1998,6376118318112
22/11/2025,Show Maravilha,Programa de 02/06/1993,6367444647112
22/11/2025,Programa Sergio Mallandro,Programa de 26/11/1994,6369844503112
23/11/2025,Programa Silvio Santos,Programa de 12/04/2009,6362991472112
23/11/2025,Show de Calouros,Programa de 15/02/1987,6362712202112
24/11/2025,Eliana & Cia,Programa de 06/06/1997,6367561768112
24/11/2025,Programa Livre,Programa de 03/11/1992,6374090804112
24/11/2025,Casos de Família,Programa de 22/06/2009,6373495724112
24/11/2025,Astros,Programa de 09/07/2008,6351244152112
24/11/2025,TV Animal,Programa de 02/04/1989,6374744088112
24/11/2025,Show do Milhão,Programa de 15/10/2000,6369103801112
24/11/2025,Rei Majestade,Programa de 12/07/2006,6370874395112
24/11/2025,Programa do Ratinho,Programa de 21/10/98,98008609_programadoratinho_1998_037_01
24/11/2025,Táxi do Gugu,8. O Príncipe sapo,6368326357112
25/11/2025,Eliana & Cia,Programa de 09/06/1997,6369094134112
25/11/2025,Táxi do Gugu,27. Táxi do terror,6368326050112
25/11/2025,Programa Livre,Programa de 05/11/1992,f2784188-6c1a-4dc9-a24e-bc7134e4dd81
25/11/2025,Casos de Família,Programa de 23/06/2009,6373495137112
25/11/2025,Máquina da Fama,Programa de 17/02/2014,6375769682112
25/11/2025,Passa ou Repassa,Programa de 26/03/1989,a06d839d-2f28-402b-adc1-7d034dee3716
25/11/2025,Show do Milhão,Programa de 18/10/2000,6369104308112
25/11/2025,Sete Meio,Programa de 13/07/2003,6376345843112
25/11/2025,Programa do Ratinho,Programa de 22/10/98,98008609_programadoratinho_1998_038_01
25/11/2025,Táxi do Gugu,32. Pobre cãozinho,6368324282112
26/11/2025,Eliana & Cia,Programa de 10/06/1997,6369093827112
26/11/2025,Táxi do Gugu,56. A turma do barulho,6368323301112
26/11/2025,Programa Livre,Programa de 06/11/1992,6667ee50-0e5d-4a53-a09b-922006c45e5c
26/11/2025,Casos de Família,Programa de 24/06/2009,6373492980112
26/11/2025,Canta e Dança Minha Gente,Programa de 30/07/2000,6362670515112
26/11/2025,Táxi do Gugu,113. A boneca,6368324482112
26/11/2025,TV Animal,Programa de 27/10/1995,6351243156112
26/11/2025,Show do Milhão,Programa de 19/10/2000,6369105963112
26/11/2025,Porta da Esperança,Programa de 12/10/1986,6362802137112
26/11/2025,Programa do Ratinho,Programa de 23/10/98,98008609_programadoratinho_1998_039_01
26/11/2025,Táxi do Gugu,5. Arrancar Braço,6368324586112
27/11/2025,Eliana & Cia,Programa de 10/06/1997,6369093827112
27/11/2025,Eliana & Cia,Programa de 11/06/1997,6369095002112
27/11/2025,Programa Livre,Programa de 11/11/1992,da58f289-2263-4614-881d-cc40eb3a16ae
27/11/2025,Casos de Família,Programa de 25/06/2009,6373496024112
27/11/2025,Táxi do Gugu,35. A flor,6368324585112
27/11/2025,Vamos Nessa,Programa de 17/11/1984,8edf71f9-8a48-4066-ba43-1353e1cad880
27/11/2025,Passa ou Repassa,Programa de 11/07/1995,6366911677112
27/11/2025,Táxi do Gugu,113. A boneca,6368324482112
27/11/2025,Show do Milhão,Programa de 25/10/2000,6369104791112
27/11/2025,Tentação,Programa de 05/02/1995,6368209201112
27/11/2025,Programa do Ratinho,Programa de 08/09/1998,6375650710112
28/11/2025,Eliana & Cia,Programa de 12/06/1997,6369095707112
28/11/2025,Táxi do Gugu,9. Os pestinhas,6368326356112
28/11/2025,Programa Livre,Programa de 26/11/1992,9e2e5b2b-bc0c-497d-abf3-a0ed1bfefb0e
28/11/2025,Casos de Família,Programa de 26/06/2009,6373492881112
28/11/2025,Canta e Dança Minha Gente,Programa de 06/08/2000,6363248943112
28/11/2025,TV Animal,Programa de 15/05/1996,6351242958112
28/11/2025,Show do Milhão,Programa de 26/10/2000,6369103706112
28/11/2025,Gol Show,Programa de 15/03/1998,6367902129112
28/11/2025,Táxi do Gugu,8. O Príncipe sapo,6368326357112
28/11/2025,Programa do Ratinho,Programa de 09/09/1998,6375718391112
28/11/2025,Eliana & Cia,Programa de 13/06/1997,6369095504112
29/11/2025,Bom dia & Cia com Jacky,Programa de 15/10/1998,6376118318112
29/11/2025,Show Maravilha,Programa de 05/08/1993,6367446228112
29/11/2025,Programa Sergio Mallandro,Programa de 28/11/1994,6369844195112
29/11/2025,Casa da Angélica,Programa de 23/05/1994,6366857810112
29/11/2025,Fantasia,Programa de 19/12/1997,6374251299112
29/11/2025,Viva a Noite,Programa de 10/02/1990,6364315235112
29/11/2025,Eliana & Cia,Programa de 13/06/1997,6369095504112
29/11/2025,Em Nome do Amor,Programa de 12/03/1995,6356336641112
30/11/2025,Fala Dercy,Programa de 20/04/2000,6364748067112
30/11/2025,Domingo no Parque,Programa de 04/01/1987,6366065364112
30/11/2025,Curtindo uma Viagem,Programa de 06/10/2001,6352038048112
30/11/2025,Domingo Legal,Programa de 09/05/1993,6363335022112
30/11/2025,Show de Calouros,Programa de 01/03/1987,6368216652112
30/11/2025,Topa Tudo Por Dinheiro,Programa de 18/08/1991,6367902128112
30/11/2025,Programa Silvio Santos,Programa de 19/04/2009,63717930861
02/12/2025,Táxi do Gugu,9. Os pestinhas,6368326356112
02/12/2025,Programa Livre,Programa de 02/12/1992,efff01ce-e5e6-49e2-85a5-9c0e2194d039
02/12/2025,Táxi do Gugu,60. A macacada,6368326437112
02/12/2025,Casos de Família,Programa de 30/06/2009,6373494939112
02/12/2025,Máquina da Fama,Programa de 24/02/2014,6375767893112
02/12/2025,Passa ou Repassa,Programa de 23/07/1989,5d7b47b5-3724-45d7-9c6d-d11370505df0
02/12/2025,Show do Milhão,Programa de 01/11/2000,6371558416112
02/12/2025,Sete Meio,Programa de 20/07/2003,4dbe7124-61d8-4f55-900e-857a36e799b5
02/12/2025,Programa do Ratinho,Programa de 11/09/1998,6375931134112
02/12/2025,Táxi do Gugu,114. Os falsos policiais,6368324690112
02/12/2025,Eliana & Cia,Programa de 17/06/1997,6369093515112
03/12/2025,Eliana & Cia,Programa de 17/06/1997,6369093515112
03/12/2025,Eliana & Cia,Programa de 18/06/1997,6369094720112
03/12/2025,Programa Livre,Programa de 07/12/1992,f047a5a1-cd8e-49fa-bfd9-dda0815b18b9
03/12/2025,Casos de Família,Programa de 01/07/2009,6373495334112
03/12/2025,Canta e Dança Minha Gente,Programa de 13/08/2000,6363248736112
03/12/2025,Táxi do Gugu,31. Invasão das cobras,6368324970112
03/12/2025,TV Animal,Programa de 30/10/1995,6351242462112
03/12/2025,Táxi do Gugu,54. Aranha,6368324479112
03/12/2025,Show do Milhão,Programa de 02/11/2000,6371558318112
03/12/2025,Porta da Esperança,Programa de 26/10/1986,6362803602112
03/12/2025,Programa do Ratinho,Programa de 12/09/1998,6376299016112
04/12/2025,Eliana & Cia,Programa de 18/06/1997,6369094720112
04/12/2025,Eliana & Cia,Programa de 19/06/1997,6369093514112
04/12/2025,Programa Livre,Programa de 14/12/1992,13289e00-458d-45e5-aff3-12c9889a3a2b
04/12/2025,Casos de Família,Programa de 02/07/2009,6376594410112
04/12/2025,Vamos Nessa,Programa de 22/12/1984,f635a466-3317-4a2f-993f-d08125a294e3
04/12/2025,Táxi do Gugu,56. A turma do barulho,6368323301112
04/12/2025,Passa ou Repassa,Programa de 21/07/1995,6366910718112
04/12/2025,Táxi do Gugu,8. O Príncipe sapo,6368326357112
04/12/2025,Show do Milhão,Programa de 05/11/2000,6371560862112
04/12/2025,Tentação,Programa de 12/02/1995,6368208636112
04/12/2025,Programa do Ratinho,Programa de 15/09/1998,6376299309112
04/12/2025,Programa do Ratinho,Programa de 16/09/1998,6376299404112
05/12/2025,Eliana & Cia,Programa de 19/06/1997,6369093514112
05/12/2025,Eliana & Cia,Programa de 20/06/1997,6369095799112
05/12/2025,Programa Livre,Programa de 25/12/1992,ab5bd52b-d0eb-456a-a12a-cec807e485ab
05/12/2025,Casos de Família,Programa de 03/07/2009,6376593432112
05/12/2025,Canta e Dança Minha Gente,Programa de 20/08/2000,6363250096112
05/12/2025,Táxi do Gugu,60. A macacada,6368326437112
05/12/2025,TV Animal,Programa de 16/05/1996,6351243142112
05/12/2025,Táxi do Gugu,35. A flor,6368324585112
05/12/2025,Show do Milhão,Programa de 08/11/2000,6371560377112
05/12/2025,Gol Show,Programa de 22/03/1998,6367902722112
05/12/2025,Táxi do Gugu,32. Pobre cãozinho,6368324282112
05/12/2025,Programa do Ratinho,Programa de 17/09/1998,6376553954112
06/12/2025,Bom dia & Cia com Jacky,Programa de 16/10/1998,6376118610112
06/12/2025,Show Maravilha,Programa de 07/08/1993,6367444485112
06/12/2025,Programa Sergio Mallandro,Programa de 29/11/1994,6369843915112
06/12/2025,Fantasia,Programa de 22/12/1997,6374249553112
06/12/2025,Em Nome do Amor,Programa de 19/03/1995,6356335184112
06/12/2025,Viva a Noite,Programa de 26/05/1990,6364950171112
06/12/2025,Casa da Angélica,Programa de 24/05/1994,6367829003112
06/12/2025,Fala Dercy,Programa de 27/04/2000,6364748350112
07/12/2025,Fala Dercy,Programa de 27/04/2000,6364748350112
07/12/2025,Domingo no Parque,Programa de 01/02/1987,6366064584112
07/12/2025,Curtindo uma Viagem,Programa de 13/10/2001,6352039212112
07/12/2025,Topa Tudo Por Dinheiro,Programa de 25/08/1991,f55718eb-ad3a-4fda-b253-2aaf593de2a4
07/12/2025,Show de Calouros,Programa de 05/04/1987,6362711812112
07/12/2025,Domingo Legal,Programa de 16/05/1993,6363333676112
07/12/2025,Programa Silvio Santos,Programa de 26/04/2009,6371793386112
08/12/2025,Show de Calouros,Programa de 05/04/1987,6362711812112
08/12/2025,Eliana & Cia,Programa de 24/06/1997,6370188698112
08/12/2025,Programa Livre,Programa de 18/01/1993,f6c0a0f3-d4d9-4e9d-a1bf-557758d79b37
08/12/2025,Casos de Família,Programa de 06/07/2009,6376593917112
08/12/2025,Astros,Programa de 23/07/2008,6351245829112
08/12/2025,TV Animal,Programa de 25/06/1989,6351243356112
08/12/2025,Rei Majestade,Programa de 26/07/2006,6370874396112
08/12/2025,Programa do Ratinho,Programa de 18/09/1998,6376554254112
08/12/2025,Eliana & Cia,Programa de 20/06/1997,6369095799112
08/12/2025,Táxi do Gugu,56. A turma do barulho,6368323301112
09/12/2025,Táxi do Gugu,5. Arrancar Braço,6368324586112
09/12/2025,Eliana & Cia,Programa de 25/06/1997,6370187719112
09/12/2025,Programa Livre,Programa de 04/02/1993,8300394a-c8a9-4f5a-96db-72503ef9259e
09/12/2025,Táxi do Gugu,114. Os falsos policiais,6368324690112
09/12/2025,Casos de Família,Programa de 07/07/2009,6376593722112
09/12/2025,Máquina da Fama,Programa de 10/03/2014,6375767986112
09/12/2025,Passa ou Repassa,Programa de 05/07/1992,8c6ffc75-b90a-4559-9bf6-417313d4c2f2
09/12/2025,Táxi do Gugu,32. Pobre cãozinho,6368324282112
09/12/2025,Show do Milhão,Programa de 12/11/2000,6371558617112
09/12/2025,Sete Meio,Programa de 27/07/2003,11a8973b-ee85-4e1a-a46e-9b755b2e3037
09/12/2025,Programa do Ratinho,Programa de 19/09/1998,6376589457112
09/12/2025,Táxi do Gugu,31. Invasão das cobras,6368324970112
10/12/2025,Bozo,Bozo,FILLER 39 BOZO
10/12/2025,Eliana & Cia,Programa de 26/06/1997,6370188893112
10/12/2025,Táxi do Gugu,54. Aranha,6368324479112
10/12/2025,Programa Livre,Programa de 01/03/1993,133323b9-3369-47b7-9648-ac79c68de178
10/12/2025,Casos de Família,Programa de 08/07/2009,6376593819112
10/12/2025,Canta e Dança Minha Gente,Programa de 27/08/2000,6363250186112
10/12/2025,TV Animal,Programa de 31/10/1995,6351243157112
10/12/2025,Táxi do Gugu,29. Pomba da paz,6368326153112
10/12/2025,Show do Milhão,Programa de 15/11/2000,6371559580112
10/12/2025,Porta da Esperança,Programa de 02/11/1986,6362803301112
10/12/2025,Programa do Ratinho,Programa de 21/09/1998,6376587610112
10/12/2025,Táxi do Gugu,31. Invasão das cobras,6368324970112
11/12/2025,Táxi do Gugu,3. A Lotação,6368325066112
11/12/2025,Eliana & Cia,Programa de 27/06/1997,6370189291112
11/12/2025,Táxi do Gugu,27. Táxi do terror,6368326050112
11/12/2025,Programa Livre,Programa de 12/03/1993,19784a34-ab66-4154-a7b6-8e34428c3cd7
11/12/2025,Casos de Família,Programa de 09/07/2009,6376594209112
11/12/2025,Vamos Nessa,Programa de 30/01/1983,6375688728112
11/12/2025,Táxi do Gugu,31. Invasão das cobras,6368324970112
11/12/2025,Passa ou Repassa,Programa de 03/08/1995,6366910893112
11/12/2025,Táxi do Gugu,32. Pobre cãozinho,6368324282112
11/12/2025,Show do Milhão,Programa de 16/11/2000,6371558512112
11/12/2025,Tentação,Programa de 19/02/1995,6372036900112
11/12/2025,Programa do Ratinho,Programa de 22/09/1998,6376792812112
12/12/2025,Eliana & Cia,Programa de 30/06/1997,6370188215112
12/12/2025,Táxi do Gugu,113. A boneca,6368324482112
12/12/2025,Programa Livre,Programa de 16/03/1993,35bbbcee-384d-49b8-8d28-0cd0489237d5
12/12/2025,Casos de Família,Programa de 10/07/2009,6376593820112
12/12/2025,Canta e Dança Minha Gente,Programa de 03/09/2000,6363248829112
12/12/2025,TV Animal,Programa de 17/05/1996,6351243143112
12/12/2025,Táxi do Gugu,35. A flor,6368324585112
12/12/2025,Show do Milhão,Programa de 19/11/2000,6371560762112
12/12/2025,Táxi do Gugu,32. Pobre cãozinho,6368324282112
12/12/2025,Gol Show,Programa de 29/03/1998,6367903481112
12/12/2025,Programa do Ratinho,Programa de 23/09/1998,6376791642112
13/12/2025,Bom dia & Cia com Jacky,Programa de 19/10/1998,6376118723112
13/12/2025,Show Maravilha,Programa de 12/10/1993,6367445940112
13/12/2025,Programa Sergio Mallandro,Programa de 24/12/1994,6376066628112
13/12/2025,Casa da Angélica,Programa de 25/05/1994,6367830550112
13/12/2025,Táxi do Gugu,113. A boneca,6368324482112
13/12/2025,Fantasia,Programa de 23/12/1997,6374249840112
13/12/2025,Em Nome do Amor,Programa de 26/03/1995,6355661451112
13/12/2025,Táxi do Gugu,32. Pobre cãozinho,6368324282112
13/12/2025,Viva a Noite,Programa de 18/08/1990,6364951425112
14/12/2025,Programa Silvio Santos,Programa de 31/05/2009,6374189975112
14/12/2025,Táxi do Gugu,114. Os falsos policiais,6368324690112
14/12/2025,Show de Calouros,Programa de 19/04/1987,6362068571112
15/12/2025,Eliana & Cia,Programa de 02/07/1997,6370188107112
15/12/2025,Táxi do Gugu,113. A boneca,6368324482112
15/12/2025,Programa Livre,Programa de 19/03/1993,2f0e354c-bfc6-4813-a092-75bf29049a8d
15/12/2025,Casos de Família,Programa de 13/07/2009,6376594019112
15/12/2025,Astros,Programa de 30/07/2008,6351243676112
15/12/2025,TV Animal,Programa de 30/07/1989,6351243455112
15/12/2025,Táxi do Gugu,35. A flor,6368324585112
15/12/2025,Show do Milhão,Programa de 22/11/2000,6371559583112
15/12/2025,Rei Majestade,Programa de 02/08/2006,6370874693112
15/12/2025,Programa do Ratinho,Programa de 24/09/1998,6376791835112
16/12/2025,Eliana & Cia,Programa de 03/07/1997,6371186010112
16/12/2025,Táxi do Gugu,28. Mala de dinheiro,6368325363112
16/12/2025,Programa Livre,Programa de 22/03/1993,a9378d27-a0bb-4881-b791-1c0daff505b8
16/12/2025,Casos de Família,Programa de 14/07/2009,6376593637112
16/12/2025,Máquina da Fama,Programa de 17/03/2014,6375769394112
16/12/2025,Passa ou Repassa,Programa de 08/11/1992,b39ffff5-5080-4515-ae3a-22427e700e62
16/12/2025,Show do Milhão,Programa de 23/11/2000,6371559788112
16/12/2025,Sete Meio,Programa de 01/12/2004,f84d1128-70eb-480d-b8c1-e09ac0aa3fdb
16/12/2025,Programa do Ratinho,Programa de 25/09/1998,6376793012112
17/12/2025,Eliana & Cia,Programa de 04/07/1997,6371191447112
17/12/2025,Táxi do Gugu,Especial de Natal,41086564-245f-4196-84d7-9c30d9b1c407
17/12/2025,Programa Livre,Programa de 20/08/1991,6348748868112
17/12/2025,Táxi do Gugu,Motorista dorminhoco,c9efc111-b066-459d-8368-48a9fd40a93a
17/12/2025,Casos de Família,Programa de 15/07/2009,6376593136112
17/12/2025,Canta e Dança Minha Gente,Programa de 10/09/2000,6363652187112
17/12/2025,TV Animal,Programa de 01/11/1995,6351244316112
17/12/2025,Táxi do Gugu,3. A Lotação,6368325066112
17/12/2025,Show do Milhão,Programa de 26/11/2000,6371558982112
17/12/2025,Porta da Esperança,Programa de 09/11/1986,6362803601112
17/12/2025,Programa do Ratinho,Programa de 26/09/98,98008609_programadoratinho_1998_016_01
18/12/2025,Eliana & Cia,Programa de 07/07/1997,6371192031112
18/12/2025,Táxi do Gugu,Gugu demitido,c73b2d09-9ec4-4ecb-9509-cc6639bdc686
18/12/2025,Programa Livre,Programa de 21/08/1991,6348751031112
18/12/2025,Casos de Família,Programa de 16/07/2009,c0e35220-24f8-47bf-9efa-ccb283e01441
18/12/2025,Vamos Nessa,Programa de 05/01/1985,0e42c561-0da7-4e3b-b87d-efce30ffd090
18/12/2025,Táxi do Gugu,O escapamento,83a5bf88-48fb-47fe-8d7f-6720e4a2c20b
18/12/2025,Passa ou Repassa,Programa de 25/08/1995,6366911679112
18/12/2025,Táxi do Gugu,Especial de Natal,41086564-245f-4196-84d7-9c30d9b1c407
18/12/2025,Show do Milhão,Programa de 30/11/2000,6371558615112
18/12/2025,Tentação,Programa de 26/02/1995,6372036994112
18/12/2025,Programa do Ratinho,Programa de 28/09/98,98008609_programadoratinho_1998_017_01
19/12/2025,Eliana & Cia,Programa de 08/07/1997,6371192137112
19/12/2025,Táxi do Gugu,Especial de Natal,41086564-245f-4196-84d7-9c30d9b1c407
19/12/2025,Programa Livre,Programa de 22/08/1991,6348768022112
19/12/2025,Câmeras Escondidas,Médico morto,8000010_camerasescondidas_2008_161_01
19/12/2025,Casos de Família,Programa de 17/07/2009,f6f698d2-0173-4f78-9889-38d9fbc3b39c
19/12/2025,Canta e Dança Minha Gente,Programa de 17/09/2000,6363652479112
19/12/2025,TV Animal,Programa de 20/05/1996,6351242452112
19/12/2025,Show do Milhão,Programa de 03/12/2000,6372128446112
19/12/2025,Gol Show,Programa de 05/04/1998,6367902781112
19/12/2025,Programa do Ratinho,Programa de 29/09/98,98008609_programadoratinho_1998_018_01
20/12/2025,Eliana & Cia,Programa de 09/07/1997,6371192227112
20/12/2025,Bom dia & Cia com Jacky,Programa de 21/10/1998,6376119497112
20/12/2025,Show Maravilha,Programa de 01/12/1993,6367445350112
20/12/2025,Programa Sergio Mallandro,Programa de 31/12/1994,6369843419112
20/12/2025,Casa da Angélica,Programa de 26/05/1994,6367829287112
20/12/2025,Fantasia,Programa de 29/12/1997,6374250910112
20/12/2025,Em Nome do Amor,Programa de 02/04/1995,6355660497112
20/12/2025,Viva a Noite,Programa de 16/11/1991,6375183647112
20/12/2025,Fala Dercy,Programa de 11/05/2000,6364748237112
21/12/2025,Show de Calouros,Programa de 10/05/1987,6363294682112
21/12/2025,Domingo no Parque,Programa de 01/03/1987,6366374208112
21/12/2025,Curtindo uma Viagem,Programa de 03/11/2001,6352040404112
21/12/2025,Domingo Legal,Programa de 08/08/1993,6363334850112
21/12/2025,Topa Tudo Por Dinheiro,Programa de 05/05/1991,6359687018112
22/12/2025,Eliana & Cia,Programa de 10/07/1997,6371192419112
22/12/2025,Programa Livre,Programa de 24/09/1991,6350632110112
22/12/2025,Casos de Família,Programa de 20/07/2009,e60d51d4-ccea-4f0d-996c-0993ca9abbc0
22/12/2025,FILLER_BOZO_14,,
22/12/2025,Astros,Programa de 06/08/2008,6351246328112
22/12/2025,Câmeras Escondidas,Annabelle 2,17000040_camerasescondidas_2017_003_01
22/12/2025,TV Animal,Programa de 06/08/1989,6351244318112
22/12/2025,Show do Milhão,Programa de 06/12/2000,6372128761112
22/12/2025,Rei Majestade,Programa de 09/08/2006,6370872626112
22/12/2025,Programa do Ratinho,Programa de 30/09/98,98008609_programadoratinho_1998_019_01
22/12/2025,Táxi do Gugu,113. A boneca,6368324482112
23/12/2025,Eliana & Cia,Programa de 11/07/1997,6371191445112
23/12/2025,Programa Livre,Programa de 28/09/1991,6350633467112
23/12/2025,Casos de Família,Programa de 21/07/2009,48b566f6-f26d-47f0-abbe-da96fcf63ea9
23/12/2025,Máquina da Fama,Programa de 24/03/2014,6375768194112
23/12/2025,Passa ou Repassa,Programa de 20/12/1992,4e6ca794-7a59-4215-bc43-f7b9f403949a
23/12/2025,Show do Milhão,Programa de 07/12/2000,6372129836112
23/12/2025,Sete Meio,Programa de 08/12/2004,1ae17459-93ea-428a-8c4c-caae800999b6
23/12/2025,Programa do Ratinho,Programa de 01/10/98,98008609_programadoratinho_1998_020_01
24/12/2025,Marcia,Programa de 23/12/1997,6368722669112
24/12/2025,Táxi do Gugu,Especial de Natal,41086564-245f-4196-84d7-9c30d9b1c407
24/12/2025,Fantasia,Programa de 20/12/1998,6349750254112
24/12/2025,Domingo Legal,Programa de 19/12/1999,6365758251112
24/12/2025,Programa Livre,Programa de 24/12/1997,6366112619112
24/12/2025,Viva a Noite,Programa de 23/12/1989,6352915626112
24/12/2025,Canta e Dança Minha Gente,Programa de 19/12/1999,6349825179112
24/12/2025,A Praça é Nossa,Programa de 24/12/1993,6338201200112
25/12/2025,Marcia,Programa de 23/12/1997,6368722669112
25/12/2025,Táxi do Gugu,Especial de Natal,41086564-245f-4196-84d7-9c30d9b1c407
25/12/2025,Fantasia,Programa de 20/12/1998,6349750254112
25/12/2025,Domingo Legal,Programa de 19/12/1999,6365758251112
25/12/2025,Programa Livre,Programa de 24/12/1997,6366112619112
25/12/2025,Viva a Noite,Programa de 23/12/1989,6352915626112
25/12/2025,A Praça é Nossa,Programa de 24/12/1993,6338201200112
26/12/2025,Eliana & Cia,Programa de 14/07/1997,6371192617112
26/12/2025,Programa Livre,Programa de 30/09/1991,6350632201112
26/12/2025,Casos de Família,Programa de 22/07/2009,4f0fba2b-bec6-4948-860f-e7ab14bd8911
26/12/2025,Canta e Dança Minha Gente,Programa de 24/09/2000,6363651584112
26/12/2025,TV Animal,Programa de 21/05/1996,6351241659112
26/12/2025,Show do Milhão,Programa de 10/12/2000,6372130510112
26/12/2025,Gol Show,Programa de 12/04/1998,6367903571112
26/12/2025,Programa do Ratinho,Programa de 02/10/98,98008609_programadoratinho_1998_021_01
26/12/2025,Táxi do Gugu,O comilão,c3d7252d-43f4-4f00-9522-8177e51260f0
26/12/2025,Táxi do Gugu,Gugu demitido,c73b2d09-9ec4-4ecb-9509-cc6639bdc686
26/12/2025,Táxi do Gugu,35. A flor,6368324585112
26/12/2025,Táxi do Gugu,114. Os falsos policiais,6368324690112
27/12/2025,Eliana & Cia,Programa de 15/07/1997,6371192616112
27/12/2025,Bom dia & Cia com Jacky,Programa de 22/10/1998,6376116555112
27/12/2025,Show Maravilha,Programa de 03/02/1994,6367445056112
27/12/2025,Programa Sergio Mallandro,Programa de 31/05/1995,6369845885112
27/12/2025,Casa da Angélica,Programa de 27/05/1994,6367829285112
27/12/2025,Fantasia,Programa de 30/12/1997,6375813733112
27/12/2025,Viva a Noite,Programa de 30/11/1991,6375183648112
27/12/2025,Fala Dercy,Programa de 18/05/2000,6364747078112
27/12/2025,Em Nome do Amor,Programa de 18/06/1995,6355661161112
28/12/2025,Fala Dercy,Programa de 18/05/2000,6364747078112
28/12/2025,Domingo no Parque,Programa de 19/04/1987,6366371980112
28/12/2025,Curtindo uma Viagem,Programa de 10/11/2001,6352039614112
28/12/2025,Domingo Legal,Programa de 15/08/1993,6363335532112
28/12/2025,Topa Tudo Por Dinheiro,Programa de 21/07/1991,6363256856112
28/12/2025,Show de Calouros,Programa de 07/06/1987,6362710731112
28/12/2025,Programa Silvio Santos,Programa de 14/06/2009,6374824114112
29/12/2025,Eliana & Cia,Programa de 16/07/1997,6371190079112
29/12/2025,Programa Livre,Programa de 23/08/1991,6349825529112
29/12/2025,Casos de Família,Programa de 23/07/2009,62d2f6ba-615c-4b59-b5b3-b86507a33472
29/12/2025,Astros,Programa de 13/08/2008,6351245141112
29/12/2025,TV Animal,Programa de 27/08/1989,6351243357112
29/12/2025,Show do Milhão,Programa de 13/12/2000,6372129243112
29/12/2025,Rei Majestade,Programa de 16/08/2006,6370873896112
29/12/2025,Programa do Ratinho,Programa de 03/10/98,98008609_programadoratinho_1998_022_01
30/12/2025,Programa Livre,Programa de 26/08/1991,6349825116112
30/12/2025,Casos de Família,Programa de 24/07/2009,3426f212-fb3b-4cab-8e5b-b4f97ce7816e
30/12/2025,Máquina da Fama,Programa de 31/03/2014,6375769080112
30/12/2025,Passa ou Repassa,Programa de 28/02/1993,e8bff735-532b-4941-9d7b-67281dc91bcc
30/12/2025,Show do Milhão,Programa de 14/12/2000,6372127966112
30/12/2025,Sete Meio,Programa de 15/12/2004,8dd73be0-033f-4837-aaf7-6db015d0666d
30/12/2025,Programa do Ratinho,Programa de 06/10/98,98008609_programadoratinho_1998_024_01
30/12/2025,Eliana & Cia,Programa de 17/07/1997,6371189873112
31/12/2025,Programa Livre,Programa de 27/08/1991,6349825531112
31/12/2025,Casos de Família,Programa de 27/07/2009,a3979c9e-e0f4-44b7-8263-9c498ffc89f4
31/12/2025,Canta e Dança Minha Gente,Programa de 01/10/2000,6363650737112
31/12/2025,TV Animal,Programa de 02/11/1995,6351243247112
31/12/2025,Show do Milhão,Programa de 17/12/2000,6372130340112
31/12/2025,Porta da Esperança,Programa de 16/11/1986,6362803494112
31/12/2025,Programa do Ratinho,Programa de 07/10/98,98008609_programadoratinho_1998_025_01
31/12/2025,Eliana & Cia,Programa de 18/07/1997,6372755454112
01/01/2026,Eliana & Cia,Programa de 21/07/1997,6372756929112
01/01/2026,Programa Livre,Programa de 28/08/1991,6349824921112
01/01/2026,Casos de Família,Programa de 28/07/2009,7d0b0045-20e4-462c-b642-6e0f68851d66
01/01/2026,Vamos Nessa,Programa de 12/01/1985,5d68bd35-74a9-40ca-86f8-01bca99a2b73
01/01/2026,Passa ou Repassa,Programa de 11/09/1995,6366911656112
01/01/2026,Show do Milhão,Programa de 20/12/2000,6372127965112
01/01/2026,Tentação,Programa de 05/03/1995,6372034641112
01/01/2026,Programa do Ratinho,Programa de 08/10/98,98008609_programadoratinho_1998_026_01
02/01/2026,Táxi do Gugu,56. A turma do barulho,6368323301112
02/01/2026,Programa Livre,Programa de 29/08/1991,6349826877112
02/01/2026,Casos de Família,Programa de 29/07/2009,38badca6-c36a-45ac-866a-07012b25c535
02/01/2026,Canta e Dança Minha Gente,Programa de 08/10/2000,6363652188112
02/01/2026,Táxi do Gugu,35. A flor,6368324585112
02/01/2026,TV Animal,Programa de 22/05/1996,6351243248112
02/01/2026,Show do Milhão,Programa de 21/12/2000,6372129527112
02/01/2026,Gol Show,Programa de 19/04/1998,6367902898112
02/01/2026,Táxi do Gugu,27. Táxi do terror,6368326050112
02/01/2026,Programa do Ratinho,Programa de 09/10/98,98008609_programadoratinho_1998_027_01
03/01/2026,Eliana & Cia,Programa de 04/07/1997,6371191447112
03/01/2026,Bom dia & Cia com Jacky,Programa de 23/10/1998,6376119004112
03/01/2026,Show Maravilha,Programa de 11/02/1994,6367446037112
03/01/2026,Programa Sergio Mallandro,Programa de 01/06/1995,6369845109112
03/01/2026,Casa da Angélica,Programa de 30/05/1994,6367829961112
03/01/2026,Fantasia,Programa de 05/01/1998,6375929276112
03/01/2026,Em Nome do Amor,Programa de 16/04/1995,6355660572112
03/01/2026,Fala Dercy,Programa de 25/05/2000,6364748144112
03/01/2026,Viva a Noite,Programa de 14/12/1991,6375183649112
04/01/2026,Fala Dercy,Programa de 25/05/2000,6364748144112
04/01/2026,Domingo no Parque,Programa de 03/05/1987,6366373352112
04/01/2026,Curtindo uma Viagem,Programa de 17/11/2001,6352039034112
04/01/2026,Domingo Legal,Programa de 22/08/1993,6363334771112
04/01/2026,Programa Silvio Santos,Programa de 21/06/2009,6374621038112
04/01/2026,Topa Tudo Por Dinheiro,Programa de 28/07/1991,6363256170112
05/01/2026,Eliana & Cia,Programa de 23/07/1997,6372757224112
05/01/2026,Programa Livre,Programa de 30/08/1991,6349825990112
05/01/2026,Casos de Família,Programa de 30/07/2009,9db1b3e5-9abb-44a2-b14c-0f8173e14591
05/01/2026,Astros,Programa de 20/08/2008,6351244557112
05/01/2026,TV Animal,Programa de 27/08/1989,6351243357112
05/01/2026,Show do Milhão,Programa de 13/12/2000,6372129243112
05/01/2026,Rei Majestade,Programa de 16/08/2006,6370873896112
05/01/2026,Programa do Ratinho,Programa de 03/10/98,98008609_programadoratinho_1998_022_01
06/01/2026,Eliana & Cia,Programa de 24/07/1997,6372757130112
06/01/2026,Programa Livre,Programa de 02/09/1991,6370937647112
06/01/2026,Casos de Família,Programa de 31/07/2009,9d8ae6f7-3d0d-48fe-9612-7b859f6b3e61
06/01/2026,Máquina da Fama,Programa de 07/04/2014,6375769952112
06/01/2026,Passa ou Repassa,Programa de 10/04/1994,6369848597112
06/01/2026,Show do Milhão,Programa de 27/12/2000,6372129356112
06/01/2026,Sete Meio,Programa de 22/12/2004,065b3477-87ce-4b8e-9d23-9ce90e62158b
06/01/2026,Programa do Ratinho,Programa de 12/10/98,98008609_programadoratinho_1998_029_01
06/01/2026,Táxi do Gugu,O escapamento,83a5bf88-48fb-47fe-8d7f-6720e4a2c20b
07/01/2026,Eliana & Cia,Programa de 25/07/1997,6372755376112
07/01/2026,Táxi do Gugu,O comilão,c3d7252d-43f4-4f00-9522-8177e51260f0
07/01/2026,Programa Livre,Programa de 03/09/1991,6370938137112
07/01/2026,Casos de Família,Programa de 03/08/2009,0cc03841-1684-414f-81b8-14c072ca19a7
07/01/2026,Táxi do Gugu,Fumaça,de0ccac5-a0dd-4096-86aa-3e3fd0388cfc
07/01/2026,Canta e Dança Minha Gente,Programa de 15/10/2000,6363650843112
07/01/2026,TV Animal,Programa de 03/11/1995,6351241766112
07/01/2026,Show do Milhão,Programa de 28/12/2000,6372129357112
07/01/2026,Porta da Esperança,Programa de 30/11/1986,6362805178112
07/01/2026,Programa do Ratinho,Programa de 13/10/98,98008609_programadoratinho_1998_030_01
08/01/2026,Eliana & Cia,Programa de 28/07/1997,6372756928112
08/01/2026,Táxi do Gugu,Espuma,bf322393-cda3-4156-a458-5a8f6813fccf
08/01/2026,Programa Livre,Programa de 04/09/1991,6370937256112
08/01/2026,Casos de Família,Programa de 04/08/2009,0c37f818-65af-45a0-b368-35d49ae0d6e2
08/01/2026,Vamos Nessa,Programa de 19/01/1985,78dedea2-66ff-4786-90f5-8a3903f161fe
08/01/2026,Passa ou Repassa,Programa de 13/09/1995,6366910410112
08/01/2026,Show do Milhão,Programa de 31/12/2000,6372130032112
08/01/2026,Tentação,Programa de 12/03/1995,6372037287112
08/01/2026,Programa do Ratinho,Programa de 14/10/98,98008609_programadoratinho_1998_031_01
09/01/2026,Eliana & Cia,Programa de 29/05/1997,6372755945112
09/01/2026,Programa Livre,Programa de 05/09/1991,6350633563112
09/01/2026,Casos de Família,Programa de 05/08/2009,e8e6d8d3-2336-46d9-ad98-36151bdefd11
09/01/2026,Canta e Dança Minha Gente,Programa de 22/10/2000,6363652394112
09/01/2026,TV Animal,Programa de 23/05/1996,6351244111112
09/01/2026,Show do Milhão,Programa de 03/01/2001,6374090719112
09/01/2026,Gol Show,Programa de 26/04/1998,6367902222112
09/01/2026,Programa do Ratinho,Programa de 15/10/98,98008609_programadoratinho_1998_032_01
09/01/2026,Eliana & Cia,Programa de 30/07/1997,6372756540112
10/01/2026,Bom dia & Cia com Jacky,Programa de 26/10/1998,9d471398-8659-45a0-8474-f5ba907f7267
10/01/2026,Show Maravilha,Programa de 12/02/1994,6367446324112
10/01/2026,Programa Sergio Mallandro,Programa de 03/07/1995,6369843236112
10/01/2026,Casa da Angélica,Programa de 31/05/1994,6367829374112
10/01/2026,Fantasia,Programa de 06/01/1998,6375815226112
10/01/2026,Em Nome do Amor,Programa de 09/04/1995,6356568862112
10/01/2026,Viva a Noite,Programa de 11/01/1992,6364951253112
10/01/2026,Fala Dercy,Prorgama de 13/08/2000,6364748722112
10/01/2026,Eliana & Cia,Programa de 30/07/1997,6372756540112
11/01/2026,Domingo Legal,Programa de 29/08/1993,6363335051112
11/01/2026,Topa Tudo Por Dinheiro,Programa de 12/05/1991,6359687130112
11/01/2026,Show de Calouros,Programa de 09/08/1987,6368428684112
11/01/2026,Domingo no Parque,Programa de 07/06/1987,6366372688112
11/01/2026,Curtindo uma Viagem,Programa de 24/11/2001,6352039326112
11/01/2026,Programa Silvio Santos,Programa de 28/06/2009,6374904573112
12/01/2026,Programa Livre,Programa de 06/09/1991,6350631414112
12/01/2026,Casos de Família,Programa de 06/08/2009,abd3f24d-67a4-44f9-badd-686b5e2dc6d9
12/01/2026,Astros,Programa de 27/08/2008,6352183628112
12/01/2026,TV Animal,Programa de 31/12/1989,6374741446112
12/01/2026,Show do Milhão,Programa de 04/01/2001,6374090130112
12/01/2026,Rei Majestade,Programa de 30/08/2006,6374620946112
12/01/2026,Programa do Ratinho,Programa de 17/10/98,98008609_programadoratinho_1998_034_01
12/01/2026,Táxi do Gugu,O comilão,c3d7252d-43f4-4f00-9522-8177e51260f0
12/01/2026,Eliana & Cia,Programa de 31/07/1997,6372755946112
12/01/2026,Táxi do Gugu,Gugu demitido,c73b2d09-9ec4-4ecb-9509-cc6639bdc686
13/01/2026,Eliana & Cia,Programa 01/08/1997,e71d36f0-73f6-4a49-801e-ca9e2aa06889
13/01/2026,Programa Livre,Programa de 09/09/1991,6350632697112
13/01/2026,Casos de Família,Programa de 07/08/2009,9c2962a4-7051-4c61-8eb9-af5c49297618
13/01/2026,Máquina da Fama,Programa de 14/04/2014,6375769469112
13/01/2026,Passa ou Repasse,Programa de 17/04/1994,6369849745112
13/01/2026,Show do Milhão,Programa de 10/01/2001,6374088949112
13/01/2026,Sete Meio,Programa de 22/12/2002,6376080187112
13/01/2026,Programa do Ratinho,Programa de 19/10/98,98008609_programadoratinho_1998_035_01
13/01/2026,Táxi do Gugu,31. Invasão das cobras,6368324970112
14/01/2026,Eliana & Cia,Programa 04/08/1997,378553ee-2208-449c-a426-c5a7eb4c5f60
14/01/2026,Programa Livre,Programa de 11/09/1991,6350632598112
14/01/2026,Táxi do Gugu,ET,07af3fb1-828f-46fc-abf5-39e1fa1c0726
14/01/2026,Casos de Família,Programa de 10/08/2009,0177f0f0-bc70-48cf-b28b-2cb4c02e04cf
14/01/2026,Canta e Dança Minha Gente,Programa de 29/10/2000,6363651105112
14/01/2026,TV Animal,Programa de 06/11/1995,6365678673112
14/01/2026,Táxi do Gugu,O comilão,c3d7252d-43f4-4f00-9522-8177e51260f0
14/01/2026,Show do Milhão,Programa de 11/01/2001,6374088557112
14/01/2026,Porta da Esperança,Programa de 07/12/1986,6362802807112
14/01/2026,Programa do Ratinho,Programa de 20/10/98,98008609_programadoratinho_1998_036_01
14/01/2026,Táxi do Gugu,O escapamento,83a5bf88-48fb-47fe-8d7f-6720e4a2c20b
15/01/2026,Eliana & Cia,Programa 05/08/1997,3904452d-06eb-419c-a14c-409d077c98e3
15/01/2026,Programa Livre,Programa de 19/09/1991,6350633367112
15/01/2026,Táxi do Gugu,5. Arrancar Braço,6368324586112
15/01/2026,Casos de Família,Programa de 11/08/2009,a29dda78-bf79-46a0-a609-1deb992cf3ab
15/01/2026,Vamos Nessa,Programa de 26/01/1985,d5da91e0-fad9-444b-b05f-01b8c999965e
15/01/2026,Táxi do Gugu,35. A flor,6368324585112
15/01/2026,Passa ou Repasse,Programa de 14/09/1995,6366910307112
15/01/2026,Táxi do Gugu,O escapamento,83a5bf88-48fb-47fe-8d7f-6720e4a2c20b
15/01/2026,Show do Milhão,Programa de 07/01/2001,6374088946112
15/01/2026,Tentação,Programa de 19/03/1995,6372035531112
15/01/2026,Programa do Ratinho,Programa de 21/10/98,98008609_programadoratinho_1998_037_01
15/01/2026,Táxi do Gugu,ET,07af3fb1-828f-46fc-abf5-39e1fa1c0726
16/01/2026,Eliana & Cia,Programa 06/08/1997,d6e420c3-2786-4510-8819-dfe997a06db8
16/01/2026,Táxi do Gugu,113. A boneca,6368324482112
16/01/2026,Programa Livre,Programa de 21/09/1991,6350633268112
16/01/2026,Casos de Família,Programa de 12/08/2009,156ee579-178a-4a86-8c86-2f566755bc81
16/01/2026,Canta e Dança Minha Gente,Programa de 05/11/2000,6363651104112
16/01/2026,TV Animal,Programa de 24/05/1996,6351243448112
16/01/2026,Show do Milhão,Programa de 17/01/2001,6374088947112
16/01/2026,Gol Show,Programa de 03/05/1998,6367903877112
16/01/2026,Programa do Ratinho,Programa de 22/10/98,98008609_programadoratinho_1998_038_01
17/01/2026,Eliana & Cia,Programa 07/08/1997,08553b51-63a0-49f7-9c63-4281b74e050d
17/01/2026,Bom dia & Cia com Jacky,Programa de 27/10/1998,65d5de73-dea3-4124-b932-b3c3605f07af
17/01/2026,Programa Sergio Mallandro,Programa de 04/07/1995,6369844621112
17/01/2026,Casa da Angélica,Programa de 01/06/1994,6367829002112
17/01/2026,Fantasia,Programa de 07/01/1998,6375815711112
17/01/2026,Em Nome do Amor,Programa de 09/07/1995,6356569737112
17/01/2026,Viva a Noite,Programa de 08/02/1983,6376298798112
17/01/2026,Show Maravilha,Programa de 14/02/1994,6367446229112
17/01/2026,Fala Dercy,Programa de 04/01/2000,6363302247112
18/01/2026,Fala Dercy,Programa de 04/01/2000,6363302247112
18/01/2026,Domingo no Parque,Programa de 05/07/1987,6366372878112
18/01/2026,Curtindo uma Viagem,Programa de 01/12/2001,6352040806112
18/01/2026,Domingo Legal,Programa de 05/09/1993,6364077464112
18/01/2026,Show de Calouros,Programa de 20/09/1987,6368779747112
18/01/2026,Topa Tudo Por Dinheiro,Programa de 19/05/1991,6359685768112
18/01/2026,Programa Silvio Santos,Programa de 05/07/2009,6374903098112
19/01/2026,Show de Calouros,Programa de 20/09/1987,6368779747112
19/01/2026,Eliana & Cia,Programa 08/08/1997,e0f71bb6-2aa3-4465-ad92-a11d2af9b750
19/01/2026,Programa Livre,Programa de 24/09/1991,6350632110112
19/01/2026,Casos de Família,Programa de 13/08/2009,d990d986-130c-495a-a231-3428a8a5567a
19/01/2026,TV Animal,Programa de 18/02/1990,6374743123112
19/01/2026,Show do Milhão,Programa de 14/01/2001,6374089243112
19/01/2026,Programa do Ratinho,Programa de 23/10/98,98008609_programadoratinho_1998_039_01
19/01/2026,Táxi do Gugu,8. O Príncipe sapo,6368326357112
19/01/2026,Astros,Programa de 03/09/2008,6352181989112
19/01/2026,Rei Majestade,Programa de 06/09/2006,6374622605112
19/01/2026,Táxi do Gugu,O comilão,c3d7252d-43f4-4f00-9522-8177e51260f0
20/01/2026,Eliana & Cia,Programa 11/08/1997,38491cc1-0c95-4912-a29d-2e41cbff8e98
20/01/2026,Táxi do Gugu,O comilão,c3d7252d-43f4-4f00-9522-8177e51260f0
20/01/2026,Programa Livre,Programa de 28/09/1991,6350633467112
20/01/2026,Casos de Família,Programa de 14/08/2009,8c8740d2-bd79-447d-ad8f-681f0fc3acd8
20/01/2026,Máquina da Fama,Programa de 21/04/2014,6375767304112
20/01/2026,Passa ou Repassa,Programa de 01/05/1994,6369849946112
20/01/2026,Show do Milhão,Programa de 18/01/2001,6374089244112
20/01/2026,Sete Meio,Programa de 13/04/2003,6376081389112
20/01/2026,Programa do Ratinho,Programa de 08/09/1998,6375650710112
20/01/2026,Táxi do Gugu,Motorista dorminhoco,c9efc111-b066-459d-8368-48a9fd40a93a
21/01/2026,Eliana & Cia,Programa 12/08/1997,e5ea61f1-fbb1-4439-bcf3-a2533a244173
21/01/2026,Táxi do Gugu,O escapamento,83a5bf88-48fb-47fe-8d7f-6720e4a2c20b
21/01/2026,Programa Livre,Programa de 30/09/1991,6350632201112
21/01/2026,Casos de Família,Programa de 04/05/2009,6370518300112
21/01/2026,Táxi do Gugu,3. A Lotação,6368325066112
21/01/2026,Canta e Dança Minha Gente,Programa de 12/11/2000,6363652765112
21/01/2026,TV Animal,Programa de 07/11/1995,6365678565112
21/01/2026,Show do Milhão,Programa de 25/01/2001,6374089826112
21/01/2026,Porta da Esperança,Programa de 04/01/1987,6362543858112
21/01/2026,Programa do Ratinho,Programa de 09/09/1998,6375718391112
21/01/2026,Táxi do Gugu,28. Mala de dinheiro,6368325363112
21/01/2026,Táxi do Gugu,27. Táxi do terror,6368326050112
22/01/2026,Eliana & Cia,Programa 13/08/1997,de59918c-83b1-45d9-b72b-ea5ea8dd79c1
22/01/2026,Táxi do Gugu,5. Arrancar Braço,6368324586112
22/01/2026,Programa Livre,Programa de 11/10/1991,6350632881112
22/01/2026,Casos de Família,Programa de 05/05/2009,6370519181112
22/01/2026,Táxi do Gugu,18. A granada,6368326538112
22/01/2026,Vamos Nessa,Programa de 27/04/1982,6375711019112
22/01/2026,Passa ou Repassa,Programa de 15/09/1995,6366911854112
22/01/2026,Táxi do Gugu,28. Mala de dinheiro,6368325363112
22/01/2026,Show do Milhão,Programa de 21/01/2001,6374089055112
22/01/2026,Tentação,Programa de 26/03/1995,6372035332112
22/01/2026,Programa do Ratinho,Programa de 10/09/1998,6375930156112
22/01/2026,Passa ou Repasse,Programa de 15/09/1995,6366911854112
22/01/2026,Táxi do Gugu,60. A macacada,6368326437112
23/01/2026,Eliana & Cia,Programa 14/08/1997,e39857e5-b13c-4325-a2fa-47ae51307e7c
23/01/2026,Táxi do Gugu,Espuma,bf322393-cda3-4156-a458-5a8f6813fccf
23/01/2026,Programa Livre,Programa de 28/10/1991,6352185289112
23/01/2026,Casos de Família,Programa de 06/05/2009,6370518899112
23/01/2026,Canta e Dança Minha Gente,Programa de 19/11/2000,6363652670112
23/01/2026,TV Animal,Programa de 27/05/1996,6366548726112
23/01/2026,Táxi do Gugu,Gugu demitido,c73b2d09-9ec4-4ecb-9509-cc6639bdc686
23/01/2026,Show do Milhão,Programa de 24/01/2001,6374089929112
23/01/2026,Gol Show,Programa de 10/05/1998,6369893028112
23/01/2026,Táxi do Gugu,Motorista dorminhoco,c9efc111-b066-459d-8368-48a9fd40a93a
23/01/2026,Táxi do Gugu,O comilão,c3d7252d-43f4-4f00-9522-8177e51260f0
23/01/2026,Programa do Ratinho,Programa de 11/09/1998,6375931134112
24/01/2026,Eliana & Cia,Programa 15/08/1997,faf5b702-5c6e-4aa4-aebc-8816bbf2a473
24/01/2026,Bom dia & Cia com Jacky,Programa de 28/10/1998,58cfbd56-df10-405a-96a4-b9237232a1a5
24/01/2026,Show Maravilha,Programa de 15/02/1994,6367445760112
24/01/2026,Casa da Angélica,Programa de 02/06/1994,6367830641112
24/01/2026,Em Nome do Amor,Programa de 23/04/1995,6356569359112
24/01/2026,Viva a Noite,Programa de 24/05/1988,6348750407112
24/01/2026,Fala Dercy,Programa de 11/01/2000,6363302542112
24/01/2026,Táxi do Gugu,27. Táxi do terror,6368326050112
24/01/2026,Programa Sergio Mallandro,Programa de 19/07/1995,6369844830112
24/01/2026,Fantasia,Programa de 08/01/1998,6376023584112
25/01/2026,Fala Dercy,Programa de 11/01/2000,6363302542112
25/01/2026,Domingo no Parque,Programa de 09/08/1987,6366373438112
25/01/2026,Domingo Legal,Programa de 12/09/1993,6364078610112
25/01/2026,Topa Tudo Por Dinheiro,Programa de 30/06/1991,6363256080112
25/01/2026,Show de Calouros,Programa de 11/10/1987,6368779171112
25/01/2026,Curtindo uma Viagem,Programa de 08/12/2001,6352041003112
27/01/2026,Eliana & Cia,Programa 19/08/1997,b5164350-b060-4ee9-8e48-02c0006434a9
27/01/2026,Táxi do Gugu,27. Táxi do terror,6368326050112
27/01/2026,Programa Livre,Programa de 04/11/1991,6352186558112
27/01/2026,Táxi do Gugu,114. Os falsos policiais,6368324690112
27/01/2026,Casos de Família,Programa de 08/05/2009,6370519691112
27/01/2026,Máquina da Fama,Programa de 28/04/2014,6375770238112
27/01/2026,Passa ou Repassa,Programa de 08/05/1994,6369850444112
27/01/2026,Show do Milhão,Programa de 31/01/2001,6374088948112
27/01/2026,Sete Meio,Programa de 20/04/2003,6376082398112
27/01/2026,Programa do Ratinho,Programa de 15/09/1998,6376299309112
27/01/2026,Programa do Ratinho,Programa de 16/09/1998,6376299404112
28/01/2026,Eliana & Cia,Programa 20/08/1997,614411e8-cc92-4ffe-be32-a18622cc9c7a
28/01/2026,Táxi do Gugu,8. O Príncipe sapo,6368326357112
28/01/2026,Programa Livre,Programa de 08/11/1991,6352185391112
28/01/2026,Casos de Família,Programa de 11/05/2009,6370518897112
28/01/2026,Táxi do Gugu,Espuma,bf322393-cda3-4156-a458-5a8f6813fccf
28/01/2026,Canta e Dança Minha Gente,Programa de 26/11/2000,6363652288112
28/01/2026,TV Animal,Programa de 08/11/1995,6365679156112
28/01/2026,Show do Milhão,Programa de 01/02/2001,6375094035112
28/01/2026,Porta da Esperança,Programa de 22/02/1987,6362546216112
28/01/2026,Programa do Ratinho,Programa de 17/09/1998,6376553954112
29/01/2026,Eliana & Cia,Programa 21/08/1997,3fc5bf8d-b06b-429a-817f-5217bcc9bdbe
29/01/2026,Táxi do Gugu,Gugu demitido,c73b2d09-9ec4-4ecb-9509-cc6639bdc686
29/01/2026,Programa Livre,Programa de 12/11/1991,6352186861112
29/01/2026,Casos de Família,Programa de 12/05/2009,6370518589112
29/01/2026,Vamos Nessa,Programa de 08/06/1982,6375689825112
29/01/2026,Táxi do Gugu,5. Arrancar Braço,6368324586112
29/01/2026,FILLER 26 BOZO,,
29/01/2026,Passa ou Repassa,Programa de 11/10/1995,6366912641112
29/01/2026,Táxi do Gugu,18. A granada,6368326538112
29/01/2026,FILLER 34 BOZO,,
29/01/2026,Show do Milhão,Programa de 04/02/2001,6375094439112
29/01/2026,Tentação,Programa de 02/04/1995,6372036803112
29/01/2026,Táxi do Gugu,34. A morte do cachorrinho,6368326539112
29/01/2026,Programa do Ratinho,Programa de 18/09/1998,6376554254112
29/01/2026,Táxi do Gugu,60. A macacada,6368326437112
30/01/2026,Eliana & Cia,Programa 21/08/1997,3fc5bf8d-b06b-429a-817f-5217bcc9bdbe
30/01/2026,Eliana & Cia,Programa 22/08/1997,750112ab-0f20-41a2-b998-d80943259add
30/01/2026,Programa Livre,Programa de 21/11/1991,6352185986112
30/01/2026,Casos de Família,Programa de 13/05/2009,6370518983112
30/01/2026,Canta e Dança Minha Gente,Programa de 03/12/2000,6363651586112
30/01/2026,TV Animal,Programa de 28/05/1996,6366856462112
30/01/2026,Táxi do Gugu,Gugu demitido,c73b2d09-9ec4-4ecb-9509-cc6639bdc686
30/01/2026,Show do Milhão,Programa de 07/02/2001,6375095893112
30/01/2026,Gol Show,Programa de 31/05/1998,6369893917112
30/01/2026,Programa do Ratinho,Programa de 19/09/1998,6376589457112
31/01/2026,Eliana & Cia,Programa 25/08/1997,79a0ede7-be76-4339-8b9d-7658b2e9a030
31/01/2026,Bom dia & Cia com Jacky,Programa de 29/10/1998,c0bbfa87-b87a-4421-9680-191be9653af4
31/01/2026,Show Maravilha,Programa de 16/02/1994,6367445553112
31/01/2026,Fantasia,Programa de 09/01/1998,6376023391112
31/01/2026,Em Nome do Amor,Programa de 30/04/1995,6356569166112
31/01/2026,Viva a Noite,Programa de 24/12/1988,6348752446112
31/01/2026,Fala Dercy,Programa de 18/01/2000,6363300970112
31/01/2026,Programa Sergio Mallandro,Programa de 20/07/1995,6370290619112
31/01/2026,Casa da Angélica,Programa de 03/06/1994,6367829091112
01/02/2026,Domingo no Parque,Programa de 02/09/1987,6366372183112
01/02/2026,Curtindo uma Viagem,Programa de 15/12/2001,6352040805112
01/02/2026,Domingo Legal,Programa de 19/09/1993,6363654633112
01/02/2026,Topa Tudo Por Dinheiro,Programa de 02/06/1991,6363256169112
01/02/2026,Show de Calouros,Programa de 08/11/1987,6369566280112
01/02/2026,Programa Silvio Santos,Programa de 19/07/2009,6375261734112
02/02/2026,Eliana & Cia,Programa 26/08/1997,06980918-6b50-4141-9417-a67242b4885d
02/02/2026,Programa Livre,Programa de 23/11/1991,6352187354112
02/02/2026,Casos de Família,Programa de 14/05/2009,6370518299112
02/02/2026,Astros,Programa de 17/09/2008,6352184329112
02/02/2026,TV Animal,Programa de 11/03/1990,6374744691112
02/02/2026,Táxi do Gugu,27. Táxi do terror,6368326050112
02/02/2026,Show do Milhão,Programa de 08/02/2001,6375094143112
02/02/2026,Rei Majestade,Programa de 20/09/2006,6374621037112
02/02/2026,Programa do Ratinho,Programa de 21/09/1998,6376587610112
02/02/2026,Eliana & Cia,Programa 25/08/1997,79a0ede7-be76-4339-8b9d-7658b2e9a030
03/02/2026,Eliana & Cia,Programa 27/08/1997,a2395277-63a9-4617-b0b2-b6e25f6c6ab8
03/02/2026,Programa Livre,Programa de 27/11/1991,6352185495112
03/02/2026,Casos de Família,Programa de 15/05/2009,6370519875112
03/02/2026,Máquina da Fama,Programa de 05/05/2014,6375767987112
03/02/2026,Passa ou Repassa,Programa de 15/05/1994,6369850633112
03/02/2026,Show do Milhão,Programa de 11/02/2001,6375095092112
03/02/2026,Sete Meio,Programa de 27/04/2003,6376080371112
03/02/2026,Programa do Ratinho,Programa de 22/09/1998,6376792812112
04/02/2026,Eliana & Cia,Programa 27/08/1997,a2395277-63a9-4617-b0b2-b6e25f6c6ab8
04/02/2026,Eliana & Cia,Programa 28/08/1997,5ca3466e-a384-4a5f-a8b1-c76e92282cd4
04/02/2026,Programa Livre,Programa de 02/12/1991,6352185496112
04/02/2026,Casos de Família,Programa de 18/05/2009,6371488195112
04/02/2026,Canta e Dança Minha Gente,Programa de 10/12/2000,6363652289112
04/02/2026,TV Animal,Programa de 09/11/1995,6365678861112
04/02/2026,Táxi do Gugu,ET,07af3fb1-828f-46fc-abf5-39e1fa1c0726
04/02/2026,Show do Milhão,Programa de 14/02/2001,6375094813112
04/02/2026,Porta da Esperança,Programa de 22/03/1987,6362543860112
04/02/2026,Programa do Ratinho,Programa de 23/09/1998,6376791642112
05/02/2026,Eliana & Cia,Programa 28/08/1997,5ca3466e-a384-4a5f-a8b1-c76e92282cd4
05/02/2026,Eliana & Cia,Programa 29/08/1997,d1f8b70c-9aa1-4966-b7b0-2e52318e8590
05/02/2026,Programa Livre,Programa de 12/12/1991,6352187153112
05/02/2026,Casos de Família,Programa de 19/05/2009,6371487703112
05/02/2026,Vamos Nessa,Programa de 15/06/1982,6375690391112
05/02/2026,Passa ou Repassa,Programa de 12/10/1995,6366912253112
05/02/2026,Táxi do Gugu,18. A granada,6368326538112
05/02/2026,Show do Milhão,Programa de 15/02/2001,6375095895112
05/02/2026,Tentação,Programa de 09/04/1995,6372035133112
05/02/2026,Táxi do Gugu,3. A Lotação,6368325066112
05/02/2026,Programa do Ratinho,Programa de 24/09/1998,6376791835112
06/02/2026,Eliana & Cia,Programa 29/08/1997,d1f8b70c-9aa1-4966-b7b0-2e52318e8590
06/02/2026,Eliana & Cia,Programa 01/09/1997,fc1d7be1-ca8b-4a64-8e88-cae7e4993f11
06/02/2026,Programa Livre,Programa de 16/12/1991,6352185399112
06/02/2026,Casos de Família,Programa de 20/05/2009,6371486614112
06/02/2026,Canta e Dança Minha Gente,Programa de 17/12/2000,6363651984112
06/02/2026,TV Animal,Programa de 29/05/1996,6366548799112
06/02/2026,Táxi do Gugu,5. Arrancar Braço,6368324586112
06/02/2026,Show do Milhão,Programa de 18/02/2001,6375095304112
06/02/2026,Gol Show,Programa de 07/06/1998,6369893138112
06/02/2026,Programa do Ratinho,Programa de 25/09/1998,6376793012112
07/02/2026,Eliana & Cia,Programa 02/09/1997,166af043-a0dd-4a8a-9c5c-40f1b7e551d3
07/02/2026,Bom dia & Cia com Jacky,Programa de 30/10/1998,da7978ff-404e-424b-ac7d-44f52323c8a2
07/02/2026,Show Maravilha,Programa de 09/03/1991,6366375129112
07/02/2026,Programa Sergio Mallandro,Programa de 21/07/1995,6370289529112
07/02/2026,Casa da Angélica,Programa de 06/06/1994,6367829960112
07/02/2026,Fantasia,Programa de 12/01/1998,6376024269112
07/02/2026,Em Nome do Amor,Programa de 07/05/1995,6370462650112
07/02/2026,Fala Dercy,Programa de 25/01/2000,6363301646112
07/02/2026,Viva a Noite,Programa de 31/12/1988,6349824528112
08/02/2026,Domingo no Parque,Programa de 11/10/1987,6366373263112
08/02/2026,Curtindo uma Viagem,Programa de 22/12/2001,6352040211112
08/02/2026,Domingo Legal,Programa de 26/09/1993,6364008588112
08/02/2026,Topa Tudo Por Dinheiro,Programa de 14/07/1991,6363255489112
08/02/2026,Show de Calouros,Programa de 27/12/1987,6370199492112
08/02/2026,Programa Silvio Santos,Programa de 26/07/2009,6375505182112
09/02/2026,Show de Calouros,Programa de 27/12/1987,6370199492112
09/02/2026,Eliana & Cia,Programa 03/09/1997,15551092-4cf1-497b-a165-4be879050611
09/02/2026,Programa Livre,Programa de 02/04/1993,e26a1291-784b-4579-bcb3-82cd523fafeb
09/02/2026,Casos de Família,Programa de 21/05/2009,6371487618112
09/02/2026,Show do Milhão,Programa de 21/02/2001,6375096381112
09/02/2026,Rei Majestade,Programa de 27/09/2006,6375539274112
09/02/2026,Programa do Ratinho,Programa de 26/09/98,98008609_programadoratinho_1998_016_01
09/02/2026,Táxi do Gugu,ET,07af3fb1-828f-46fc-abf5-39e1fa1c0726
09/02/2026,Astros,Programa de 24/09/2008,6352184330112
09/02/2026,TV Animal,Programa de 18/03/1990,6374743227112
09/02/2026,Táxi do Gugu,27. Táxi do terror,6368326050112
10/02/2026,Eliana & Cia,Programa 04/09/1997,0c8c214e-f259-4d97-8e16-36ea6b17446f
10/02/2026,Táxi do Gugu,Gugu demitido ,c73b2d09-9ec4-4ecb-9509-cc6639bdc686
10/02/2026,Programa Livre,Programa de 12/04/1993,1a550d6b-92c7-47c2-86fe-d20c5fe71334
10/02/2026,Casos de Família,Programa de 22/05/2009,6371486615112
10/02/2026,Máquina da Fama,Programa de 12/05/2014,6375769175112
10/02/2026,Passa ou Repassa,Programa de 22/05/1994,6369850734112
10/02/2026,Show do Milhão,Programa de 22/02/2001,6375096480112
10/02/2026,Sete Meio ,Programa de 04/05/2003,6376082290112
10/02/2026,Táxi do Gugu,Motorista dorminhoco ,c9efc111-b066-459d-8368-48a9fd40a93a
10/02/2026,Programa do Ratinho,Programa de 28/09/98,98008609_programadoratinho_1998_017_01
10/02/2026,Táxi do Gugu,29. Pomba da paz,6368326153112
11/02/2026,Eliana & Cia,Programa 05/09/1997,8c030faa-7bc2-4140-ab9a-699ba8c4bef9
11/02/2026,Táxi do Gugu,Espuma,bf322393-cda3-4156-a458-5a8f6813fccf
11/02/2026,Programa Livre,Programa de 14/04/1993,9334ced0-50df-4412-9682-6cbeb0a8b488
11/02/2026,Casos de Família,Programa de 25/05/2009,6371926870112
11/02/2026,Canta e Dança Minha Gente,Programa de 31/12/2000,6365589445112
11/02/2026,TV Animal,Programa de 10/11/1995,6365678672112
11/02/2026,Show do Milhão,Programa de 25/02/2001,6375094625112
11/02/2026,Porta da Esperança,Programa de 29/03/1987,6362545141112
11/02/2026,Táxi do Gugu,O comilão ,c3d7252d-43f4-4f00-9522-8177e51260f0
11/02/2026,Programa do Ratinho,Programa de 29/09/98,98008609_programadoratinho_1998_018_01
12/02/2026,Eliana & Cia,Programa de 08/09/1997,f8766d1d-effd-4436-8fad-fa1750f2c3f7
12/02/2026,Táxi do Gugu,ET,07af3fb1-828f-46fc-abf5-39e1fa1c0726
12/02/2026,Programa Livre,Programa de 20/04/1993,f4f45b98-5eff-406e-8af2-724afc364da6
12/02/2026,Casos de Família,Programa de 26/05/2009,6371929525112
12/02/2026,Táxi do Gugu,Fumaça,de0ccac5-a0dd-4096-86aa-3e3fd0388cfc
12/02/2026,Vamos Nessa,Programa de 04/07/1982,6375689601112
12/02/2026,Passa ou Repassa,Programa de 13/10/1995,6366910994112
12/02/2026,Táxi do Gugu,54. Aranha,6368324479112
12/02/2026,Show do Milhão,Programa de 28/02/2001,6375094438112
12/02/2026,Tentação,Programa de 16/04/1995,6372036696112
12/02/2026,Programa do Ratinho,Programa de 30/09/98,98008609_programadoratinho_1998_019_01
12/02/2026,Táxi do Gugu,Espuma,bf322393-cda3-4156-a458-5a8f6813fccf
13/02/2026,Eliana & Cia,Programa de 09/09/1997,81ff4497-68ab-488f-abac-7e7da512c77d
13/02/2026,Táxi do Gugu,Espuma,bf322393-cda3-4156-a458-5a8f6813fccf
13/02/2026,Programa Livre,Programa de 26/04/1993,29cf56ed-c2bd-415c-8f36-e44749bdd656
13/02/2026,Casos de Família,Programa de 27/05/2009,6371927870112
13/02/2026,Táxi do Gugu,O escapamento,83a5bf88-48fb-47fe-8d7f-6720e4a2c20b
13/02/2026,Canta e Dança Minha Gente,Programa de 07/01/2001,6366289157112
13/02/2026,TV Animal,Programa de 30/05/1996,6366550353112
13/02/2026,Táxi do Gugu,18. A granada,6368326538112
13/02/2026,Show do Milhão,Programa de 01/03/2001,14f93dcf-41b6-4e29-87b4-2eb5995b9895
13/02/2026,Gol Show,Programa de 26/10/1997,6362802645112
13/02/2026,Programa do Ratinho,Programa de 01/10/98,98008609_programadoratinho_1998_020_01
14/02/2026,Eliana & Cia,Programa de 10/09/1997,be521ecc-f952-4e97-abb2-512d7b6e4a55
14/02/2026,Bom dia & Cia com Jacky ,Programa de 02/11/1998,02aed192-08aa-4e66-b9d3-0136a7781485
14/02/2026,Show Maravilha,Programa de 05/04/1991,6366374949112
14/02/2026,Programa Sergio Mallandro,Programa de 24/07/1995,6370288947112
14/02/2026,Casa da Angélica,Programa de 08/08/1994,6367828889112
14/02/2026,Fantasia,Programa de 13/01/1998,6376021726112
14/02/2026,Em Nome do Amor,Programa de 14/05/1995,6370463540112
14/02/2026,Viva a Noite,Programa de 07/01/1989,6348751762112
14/02/2026,Fala Dercy,Programa de 01/02/2000,6363301845112
14/02/2026,Táxi do Gugu,3. A Lotação,6368325066112
15/02/2026,Show de Calouros,Programa de 03/01/1988,6372114478112
15/02/2026,Topa Tudo Por Dinheiro,Programa de 23/06/1991,6363255390112
15/02/2026,Domingo no Parque,Programa de 29/11/1987,6366374122112
15/02/2026,Curtindo uma Viagem,Programa de 13/01/2002,6352181805112
15/02/2026,Domingo Legal,Programa de 03/10/1993,6365248135112
15/02/2026,Programa Silvio Santos,Programa de 02/08/2009,6375503996112
15/02/2026,Programa do Ratinho,Programa de 10/09/1998,6375930156112
15/02/2026,Programa do Ratinho,Programa de 11/09/1998,6375931134112
15/02/2026,Programa do Ratinho,Programa de 12/09/1998,6376299016112
15/02/2026,Programa do Ratinho,Programa de 08/09/1998,6375650710112
15/02/2026,"Ratinho, Sem Filtro  ",1. Um cara popular,6377533622112
15/02/2026,"Ratinho, Sem Filtro  ",2. Essa família é massa,6377531360112
15/02/2026,"Ratinho, Sem Filtro  ","3. Vem pra cá, Ratinho!",6377532132112
16/02/2026,Eliana & Cia,Programa de 11/09/1997,ec719c40-731d-4245-b559-d56c1f4f6355
16/02/2026,Táxi do Gugu,Espuma,bf322393-cda3-4156-a458-5a8f6813fccf
16/02/2026,Programa Livre,Programa de 17/05/1993,1e243728-a8d9-47e7-8ecd-a9b76021688b
16/02/2026,Casos de Família,Programa de 01/06/2009,6372464454112
16/02/2026,Astros,Programa de 01/10/2008,6352182938112
16/02/2026,TV Animal,Programa de 03/06/1990,6374744593112
16/02/2026,Show do Milhão,Programa de 04/03/2001,7d44400c-128b-4b51-82da-347d68173b96
16/02/2026,Rei Majestade,Programa de 04/10/2006,6375536724112
16/02/2026,Programa do Ratinho,Programa de 03/10/98,98008609_programadoratinho_1998_022_01
16/02/2026,Táxi do Gugu,5. Arrancar Braço,6368324586112
16/02/2026,Táxi do Gugu,28. Mala de dinheiro,6368325363112
17/02/2026,Eliana & Cia,Programa de 12/09/1997,da70f3a2-7d68-42d0-8c17-98e6d192770a
17/02/2026,Programa Livre,Programa de 19/05/1993,d7fb0b29-aea4-4c13-a2af-461e8b7ad8a8
17/02/2026,Casos de Família,Programa de 02/06/2009,6372465147112
17/02/2026,Máquina da Fama,Programa de 19/05/2014,6375769949112
17/02/2026,Passa ou Repassa,Programa de 03/07/1994,6362205742112
17/02/2026,Táxi do Gugu,O escapamento,83a5bf88-48fb-47fe-8d7f-6720e4a2c20b
17/02/2026,Show do Milhão,Programa de 07/03/2001,287840f5-be89-43d6-8df3-4750b78a11b0
17/02/2026,Sete Meio ,Programa de 11/05/2003,6376345456112
17/02/2026,Programa do Ratinho,Programa de 05/10/98,98008609_programadoratinho_1998_023_01
18/02/2026,Eliana & Cia,Programa de 15/09/1997,f45ad4c7-0ea3-4396-9f56-a19e1cd42f92
18/02/2026,Programa Livre,Programa de 24/05/1993,007ec512-f896-4ba1-a6a8-2424d7f19559
18/02/2026,Casos de Família,Programa de 03/06/2009,6372464945112
18/02/2026,Canta e Dança Minha Gente,Programa de 14/01/2001,6366290028112
18/02/2026,TV Animal,Programa de 13/11/1995,6365678168112
18/02/2026,Show do Milhão,Programa de 08/03/2001,30112c3f-ba2d-4f85-ab65-b6594f633cd9
18/02/2026,Porta da Esperança,Programa de 12/04/1987,6362545919112
18/02/2026,Programa do Ratinho,Programa de 06/10/98,98008609_programadoratinho_1998_024_01
19/02/2026,Eliana & Cia,Programa de 16/09/1997,4e03ff65-9b2d-4ae0-9641-2333e0adfb8e
19/02/2026,Programa Livre,Programa de 28/05/1993,82217789-3932-4982-80bd-3a43fb95f365
19/02/2026,Casos de Família,Programa de 04/06/2009,6372465542112
19/02/2026,Vamos Nessa,Programa de 30/01/1983,6375688728112
19/02/2026,Passa ou Repassa,Programa de 16/10/1995,6366912448112
19/02/2026,Show do Milhão,Programa de 11/03/2001,8abc1419-a83f-4517-86fe-112de9ec3558
19/02/2026,Tentação,Programa de 23/04/1995,6372035718112
19/02/2026,Programa do Ratinho,Programa de 07/10/98,98008609_programadoratinho_1998_025_01
19/02/2026,Eliana & Cia,Programa de 15/09/1997,f45ad4c7-0ea3-4396-9f56-a19e1cd42f92
20/02/2026,Eliana & Cia,Programa de 17/09/1997,74925bf2-0d50-41f5-bc1d-580a77c82ab9
20/02/2026,Táxi do Gugu,9. Os pestinhas,6368326356112
20/02/2026,Programa Livre,Programa de 09/06/1993,57dd9b63-194f-4d69-9627-c962c1db6606
20/02/2026,Casos de Família,Programa de 05/06/2009,6372463991112
20/02/2026,Canta e Dança Minha Gente,Programa de 21/01/2001,6366289356112
20/02/2026,TV Animal,Programa de 31/05/1996,6366548895112
20/02/2026,Show do Milhão,Programa de 14/03/2001,793dd998-c684-4d0f-bfaf-5a4c242fdfa9
20/02/2026,Gol Show,Programa de 02/11/1997,6362805171112
20/02/2026,Programa do Ratinho,Programa de 08/10/1998,d02f14bb-07e3-4e5a-a7d3-738019394e8d
21/02/2026,Eliana & Cia,Programa de 18/09/1997,1a4f1bd9-7231-4c01-9375-885d2de80841
21/02/2026,Bom dia & Cia com Jacky ,Programa de 03/11/1998,c9954905-a8c8-430b-83da-78b1010baa52
21/02/2026,Programa Sergio Mallandro,Programa de 25/07/1995,6370288562112
21/02/2026,Fantasia,Programa de 14/01/1998,6376793192112
21/02/2026,Em Nome do Amor,Programa de 04/06/1995,6370477420112
21/02/2026,Viva a Noite,Programa de 14/01/1989,6349825691112
21/02/2026,Show Maravilha,Programa de 06/04/1991,6366373797112
21/02/2026,Casa da Angélica,Programa de 09/08/1994,6367829589112
22/02/2026,Táxi do Gugu,113. A boneca,6368324482112
22/02/2026,Domingo no Parque,Programa de 10/01/1988,6367903772112
22/02/2026,Curtindo uma Viagem,Programa de 20/01/2002,6352181410112
22/02/2026,Domingo Legal,Programa de 10/10/1993,6365247350112
22/02/2026,Topa Tudo Por Dinheiro,Programa de 30/06/1991,6363256080112
22/02/2026,Programa Silvio Santos,Programa de 09/08/2009,6375769938112
22/02/2026,Show de Calouros,Programa de 21/02/1988,6372114775112
22/02/2026,Táxi do Gugu,ET,07af3fb1-828f-46fc-abf5-39e1fa1c0726
23/02/2026,Eliana & Cia,Programa de 19/09/1997,d435e674-c545-4c25-820a-9220f95498e1
23/02/2026,Programa Livre,Programa de 10/06/1993,994a9415-43a1-442c-b839-7ba9297f1e06
23/02/2026,Casos de Família,Programa de 08/06/2009,6372518399112
23/02/2026,Astros,Programa de 08/10/2008,6352181470112
23/02/2026,TV Animal,Programa de 30/10/1988,6348823964112
23/02/2026,Show do Milhão,Programa de 15/03/2001,954b777d-8c6f-464e-81d0-57694833a06f
23/02/2026,Rei Majestade,Programa de 02/04/2006,6370873119112
23/02/2026,Programa do Ratinho,Programa de 09/10/98,98008609_programadoratinho_1998_027_01
24/02/2026,Eliana & Cia,Programa de 22/09/1997,8e6a0821-682b-49bc-b81f-ed5e730fc62d
24/02/2026,Programa Livre,Programa de 11/06/1993,352ab7e2-1182-4a97-9ecb-93c24bd2aef7
24/02/2026,Casos de Família,Programa de 09/06/2009,6372904265112
24/02/2026,Máquina da Fama,Programa de 26/05/2014,6375768881112
24/02/2026,Passa ou Repassa,Programa de 24/07/1994,6362204970112
24/02/2026,Show do Milhão,Programa de 18/03/2001,f9d3ecda-9320-4b52-92c5-10866d0d88e5
24/02/2026,Sete Meio ,Programa de 18/05/2003,6376343597112
24/02/2026,Programa do Ratinho,Programa de 10/10/98,98008609_programadoratinho_1998_028_01
24/02/2026,Táxi do Gugu,60. A macacada,6368326437112
25/02/2026,Eliana & Cia,Programa de 23/09/1997,2e1e7deb-c2ee-4870-8413-22b2ff66197b
25/02/2026,Programa Livre,Programa de 14/06/1993,c63833f1-f769-4f44-b981-ded41d2aa870
25/02/2026,Casos de Família,Programa de 10/06/2009,6372902118112
25/02/2026,Canta e Dança Minha Gente,Programa de 28/01/2001,6366290214112
25/02/2026,TV Animal,Programa de 14/11/1995,6365677802112
25/02/2026,Show do Milhão,Programa de 21/03/2001,3b386868-4442-4c5d-ab47-837ff25c0a53
25/02/2026,Porta da Esperança,Programa de 19/04/1987,6362544952112
25/02/2026,Programa do Ratinho,Programa de 12/10/98,98008609_programadoratinho_1998_029_01
25/02/2026,Táxi do Gugu,18. A granada,6368326538112
25/02/2026,Táxi do Gugu,Fumaça,de0ccac5-a0dd-4096-86aa-3e3fd0388cfc
26/02/2026,Eliana & Cia,Programa de 23/09/1997,2e1e7deb-c2ee-4870-8413-22b2ff66197b
26/02/2026,Eliana & Cia,Programa de 24/09/1997,dd76258c-542a-489d-9516-86b12445d1b6
26/02/2026,Programa Livre,Programa de 17/06/1993,c4938cc4-339d-4446-bba9-e3f3a4992f28
26/02/2026,Casos de Família,Programa de 11/06/2009,6372902021112
26/02/2026,Vamos Nessa,Programa de 03/04/1983,6375690688112
26/02/2026,Táxi do Gugu,27. Táxi do terror,6368326050112
26/02/2026,Passa ou Repassa,Programa de 27/11/1995,6366912348112
26/02/2026,Show do Milhão,Programa de 22/03/2001,c9b72d54-3b52-4ffc-acb4-a610429ba133
26/02/2026,Tentação,Programa de 30/04/1995,6372037097112
26/02/2026,Programa do Ratinho,Programa de 13/10/98,98008609_programadoratinho_1998_030_01
27/02/2026,Eliana & Cia,Programa de 24/09/1997,dd76258c-542a-489d-9516-86b12445d1b6
27/02/2026,Eliana & Cia,Programa de 25/09/1997,86586e18-1580-4d13-ab30-a45c835be74c
27/02/2026,Programa Livre,Programa de 20/07/1993,7067c3b8-13b2-4f8d-a603-0a7dcc23f5f3
27/02/2026,Casos de Família,Programa de 12/06/2009,6372902703112
27/02/2026,Canta e Dança Minha Gente,Programa de 04/02/2001,6366290801112
27/02/2026,TV Animal,Programa de 03/06/1996,6366549007112
27/02/2026,Show do Milhão,Programa de 25/03/2001,9ac9246f-1468-48f1-bab0-b5515ad5ff54
27/02/2026,Gol Show,Programa de 16/11/1997,6362805174112
27/02/2026,Programa do Ratinho,Programa de 14/10/98,98008609_programadoratinho_1998_031_01
27/02/2026,Táxi do Gugu,56. A turma do barulho,6368323301112
28/02/2026,Eliana & Cia,Programa de 26/09/1997,dcccab83-dada-4c4c-af7a-fa57c2a01ba7
28/02/2026,Bom dia & Cia com Jacky ,Programa de 04/11/1998,f2e33c0b-8b72-4658-94d4-f5c0945d02bb
28/02/2026,Casa da Angélica,Programa de 10/08/1994,6368819889112
28/02/2026,Fantasia,Programa de 15/01/1998,6376793690112
28/02/2026,Em Nome do Amor,Programa de 16/07/1995,6370479220112
28/02/2026,Viva a Noite,Programa de 21/01/1989,6352916886112
28/02/2026,Show Maravilha,Programa de 23/04/1991,6366375229112
28/02/2026,Programa Sergio Mallandro,Programa de 26/07/1995,6370288360112
01/03/2026,Topa Tudo Por Dinheiro,Programa de 23/06/1991,6363255390112
01/03/2026,Domingo no Parque,Programa de 29/11/1987,6366374122112
01/03/2026,Curtindo uma Viagem,Programa de 13/01/2002,6352181805112
01/03/2026,Domingo Legal,Programa de 03/10/1993,6365248135112
01/03/2026,Programa Silvio Santos,Programa de 02/08/2009,6375503996112
01/03/2026,Show de Calouros,Programa de 03/01/1988,6372114478112
02/03/2026,Táxi do Gugu,O escapamento,83a5bf88-48fb-47fe-8d7f-6720e4a2c20b
02/03/2026,Eliana & Cia,Programa de 29/09/1997,41dabaa2-4ccb-41e8-a92f-88d5bb1dd93b
02/03/2026,Casos de Família,Programa de 15/06/2009,6372903334112
02/03/2026,Astros,Programa de 15/10/2008,6352184523112
02/03/2026,TV Animal,Programa de 06/11/1988,6348822882112
02/03/2026,Show do Milhão,Programa de 11/04/2001,ad5e744d-9422-4e63-847e-abd6eb2af7f7
02/03/2026,Rei Majestade,Programa de 09/04/2006,6370874099112
02/03/2026,Programa do Ratinho,Programa de 15/10/98,98008609_programadoratinho_1998_032_01
02/03/2026,Programa Livre,Programa de 12/08/1993,5e2b6d1b-57e2-4ca7-9ba7-49823bc3a8d2
03/03/2026,Eliana & Cia,Programa de 30/09/1997,2ffddfe7-3191-4bcc-960f-bc9ea86eecf8
03/03/2026,Programa Livre,Programa de 14/08/1993,aa65ea94-eabb-45bf-9ec7-b24c9c4c21d6
03/03/2026,Casos de Família,Programa de 16/06/2009,6372905385112
03/03/2026,Máquina da Fama,Programa de 02/06/2014,6375769774112
03/03/2026,Show do Milhão,Programa de 12/04/2001,cd2a836a-9473-4509-a1ea-43dadc60cf60
03/03/2026,Sete Meio ,Programa de 25/05/2003,6376343999112
03/03/2026,Programa do Ratinho,Programa de 16/10/98,98008609_programadoratinho_1998_033_01
03/03/2026,Passa ou Repassa,Programa de 31/07/1994,6362513444112
03/03/2026,Táxi do Gugu,Motorista dorminhoco ,c9efc111-b066-459d-8368-48a9fd40a93a
04/03/2026,Eliana & Cia,Programa de 01/10/1997,005bbfac-a252-4792-9d23-6dc5b9e7bf45
04/03/2026,Táxi do Gugu,ET,07af3fb1-828f-46fc-abf5-39e1fa1c0726
04/03/2026,Programa Livre,Programa de 18/08/1993,86c60ba1-00d8-45a9-847f-95274fcaac6b
04/03/2026,Casos de Família,Programa de 17/06/2009,6372905475112
04/03/2026,Táxi do Gugu,3. A Lotação,6368325066112
04/03/2026,Canta e Dança Minha Gente,Programa de 21/01/2001,6366289356112
04/03/2026,TV Animal,Programa de 15/11/1995,6365677978112
04/03/2026,Show do Milhão,Programa de 15/04/2001,6c44d0b9-3ed3-423b-af02-6c6460da2620
04/03/2026,Porta da Esperança,Programa de 10/05/1987,6362543479112
04/03/2026,Programa do Ratinho,Programa de 17/10/98,98008609_programadoratinho_1998_034_01
05/03/2026,Eliana & Cia,Programa de 01/10/1997,005bbfac-a252-4792-9d23-6dc5b9e7bf45
05/03/2026,Eliana & Cia,Programa de 02/10/1997,c3207de3-4054-4380-99d0-1d27955ecc03
05/03/2026,Programa Livre,Programa de 19/08/1993,19006fd5-b71c-4632-b19c-010a2b4b0eb3
05/03/2026,Casos de Família,Programa de 18/06/2009,6373494544112
05/03/2026,Vamos Nessa,Programa de 07/07/1983,6375688623112
05/03/2026,Passa ou Repassa,Programa de 28/11/1995,6366911293112
05/03/2026,Táxi do Gugu,9. Os pestinhas,6368326356112
05/03/2026,Show do Milhão,Programa de 28/03/2001,709a8e22-fef0-4dc6-ad77-ec858d744454
05/03/2026,Tentação,Programa de 07/05/1995,6372036415112
05/03/2026,Programa do Ratinho,Programa de 19/10/98,98008609_programadoratinho_1998_035_01